Department,Designation,Parameters,KRA (S.M.A.R.T GOALS),KPIs (Measuring Metrics & Data),Suggested Weightage,Comments
Accounts,Head of Finance,Financial,Strategic Financial Reporting & P&L Oversight,"Deliver consolidated P&L, Balance Sheet & Cash Flow statements with 100% accuracy; variance analysis vs budget < 3%",25.00,Sourced from Finance & Accounts / Senior Manager
Accounts,Head of Finance,Financial,Tax Planning & Compliance Strategy,"Optimize corporate tax liability; ensure 100% on-time filing of GST, TDS, and Advance Tax; zero penalty exposure",20.00,Sourced from Finance & Accounts / Senior Manager
Accounts,Head of Finance,Project / Process,Statutory Audit & Internal Financial Controls,Zero significant audit observations; 100% closure of internal control gaps identified in audit,20.00,Sourced from Finance & Accounts / Senior Manager
Accounts,Head of Finance,Project / Process,Financial Transformation & Process Automation,Implement finance workflow automation projects reducing manual reconciliation time by 20%,15.00,Sourced from Finance & Accounts / Senior Manager
Accounts,Head of Finance,Internal / External Customer,Executive Financial Insights & Stakeholder Management,Provide strategic financial insights to leadership; maintain relationship score with auditors/regulators >= 9/10,10.00,Sourced from Finance & Accounts / Senior Manager
Accounts,Head of Finance,People,Team Leadership & Talent Development,Drive high-performance finance team culture; maintain team attrition < 10%; succession plan ready for key roles,10.00,Sourced from Finance & Accounts / Senior Manager
Admin,Assistant Vice President,Financial & Strategic Governance,"Strategic Admin Budgeting, CAPEX/OPEX Planning & Cost Optimization","• Formulate and manage yearly administrative budget (OPEX & CAPEX) across all sites and operational domains. • Drive cost-reduction strategies to achieve 7% YoY savings on administrative spend. • Implement domain-wise expenditure trackers and variance controls strictly within +/- 5% of approved budget. (Ref: SOW - Budgeting Planning & Optimizing, Expenses Mgmt)",15.00,Sourced from Administration / Assistant Vice President & Manager - Administration
Admin,Assistant Vice President,Commercial & Procurement,"Commercial Procurement, Strategic Sourcing & Vendor Negotiations","• End-to-end commercial procurement management: market search, identifying requirements, and obtaining competitive quotes, aherence to comittee process • Conduct high-value vendor negotiations to secure optimal quality, warranty, and pricing within budget limits. • Manage procurement for Non-IT assets, office infrastructure, stationery, consumables, and employee gifting. (Ref: SOW - Procurement, Business & Employee Gifting)",15.00,Sourced from Administration / Assistant Vice President & Manager - Administration
Admin,Assistant Vice President,Real Estate & Infrastructure,"Real Estate Expansion, Facility Fit-Outs & Asset Lifecycle Management","• Strategic scouting, lease negotiations, and setup of new office fit-outs, rental properties, and co-working spaces. • Oversee modification, space planning, seating allocation, and infrastructure maintenance in existing facilities. • Manage buying, leasing, maintenance, and liquidation/selling of company infrastructure based on set timelines and within approved budget • Timely manging the process of renewals for car leasing (Ref: SOW - Infra Set up, Buying Selling of Infra, Vehicle Mgmt, Seating Allocation)",10.00,Sourced from Administration / Assistant Vice President & Manager - Administration
Admin,Assistant Vice President,Vendor Management & Amcs,"Comprehensive Vendor Governance, AMCs & Contract Lifecycle Management","• Oversee end-to-end contract lifecycle and performance SLAs across 15+ vendor categories in collabration with Legal Department- No breach found in any Audit • Conduct quarterly vendor performance audits and ensure 100% timely SLA/AMC contract renewals. (Ref: SOW - Vendor Mgmt 15+ Categories, AMC Vendor Handling)",15.00,Sourced from Administration / Assistant Vice President & Manager - Administration
Admin,Assistant Vice President,"Risk, Compliance & Insurance","Statutory Compliance, Enterprise Risk Management & Insurance Portfolio","• Maintain 100% statutory compliance for local municipal norms, trade licenses, fire safety, and lease agreements. • Lead vendor and internal/external company audit compliance to ensure zero non-conformances. • Oversee timely renewals and competitive quote sourcing for Company Insurance (Property, Assets) & Employee Insurance (Mediclaim, GPA, Term). (Ref: SOW - Risk & Compliance, Company/Employee Insurance, Statutory Compliance)",15.00,Sourced from Administration / Assistant Vice President & Manager - Administration
Admin,Assistant Vice President,Manpower & Operations,"Third-Party Manpower Management, Facility Hygiene & Service Standards","• Manage third-party security and housekeeping manpower: maintain attendance, wage control, and statutory compliance. • Maintain high hygiene standards across office premises, washrooms, cafeteria, and pantry services (daily menu, food quality, counts). • Manage telecom infra (EPBX/PRI/SIM card), scrap disposal (IT/Non-IT), petty cash governance, and SAP clearance with Finance. (Ref: SOW - Third Party Manpower, Facility Mgmt, Scrap Mgmt, Telecommunication, Bill Desk)",10.00,Sourced from Administration / Assistant Vice President & Manager - Administration
Admin,Assistant Vice President,Travel Management & Staff Welfare,Experience for leadership and Employee Exper,• Overseeing end to end experience of travel desk •Employee Feedback for travel desk should be atleast 4/5 score • Internal/External Customer feedback score should be atleast 4/5 score,10.00,Sourced from Administration / Assistant Vice President & Manager - Administration
Admin,Assistant Vice President,Stakeholder & Leadership,"Executive Stakeholder Alignment, Regional Admin & Team Leadership","• Direct fulfillment of executive/C-suite requirements, international delegate hospitality, and VIP arrangements. • Oversee regional administration hubs (Dubai, Chennai) including Visa/Emirates ID compliance and regional facility upkeep. • Handle employee wellness/medicare support, employee grievance redressal, internal events/celebrations, and team leadership. (Ref: SOW - Stakeholders Requirements, Employee Experience/Wellness, Events, Regional Admin)",10.00,Sourced from Administration / Assistant Vice President & Manager - Administration
Admin,Executive,Financial,"Bill Desk Management, Vendor Invoices & Petty Cash","Timely clearing & forwarding of vendor invoices to finance department; managing office boy and Director food petty cash reimbursements. (Ref: SOW - Bill Desk, Petty Cash)",25.00,Sourced from Administration / Executive - Administration
Admin,Executive,Internal / External Customer,"Seating Allocation & Telecommunication Admin, Asset Management, Scrap Disposal & Mobile/Data Card Records","Manage employee seating allocations, EPBX & PRI activation/deactivation, and local office equipment maintenance. (Ref: SOW - Seating Allocation, Telecommunication Mgmt), Inventory tracking & repair of mobile assets, SIM/Data cards allocation, and end-to-end IT & Non-IT scrap management/disposal. (Ref: SOW - Mobile Mgmt, Scrap Mgmt)",20.00,Sourced from Administration / Executive - Administration
Admin,Executive,Process / Operations,"Facility Repairs & Preventive Infrastructure Maintenance, Housekeeping & Security Manpower Supervision. Comprehensive Vendor AMC & Service Contract Management.","Ensure preventive & breakdown maintenance of Fire Safety, CCTV, UPS, AC, Access Control, DG Sets, Electricals, Plumbing, Carpentry, and Water Purifiers. (Ref: SOW - Office Maintenance, Repair & Maint). Daily attendance, duty rosters, and performance tracking of HK & Security staff; verify security registers on a weekly basis. (Ref: SOW - Housekeeping & Security Mgmt, Security Registers)",35.00,Sourced from Administration / Executive - Administration
Admin,Executive,Process / Operations,Data Management,"AMC Up Keep report, Task report, Expenses report - Security, HK, HK Supplies, Repair and Maintanance, , ROI of Guest house, cost saving report. Gift report,",20.00,Sourced from Administration / Executive - Administration
Admin,Manager,Financial,"Commercial Procurement, Vendor Negotiations & Expenditure Control","End-to-end commercial procurement (obtaining quotes, market search, vendor negotiations within budget) and controlling domain expenditure trackers. (Ref: SOW - Procurement, Expenses Mgmt)",20.00,Sourced from Administration / Manager - Administration
Admin,Manager,Process / Operations,Comprehensive Vendor AMC & Service Contract Management,"Oversee 15+ vendor categories (HK, Security, Lease, Stationary, CCTV/Biometric, Consumables, Fire Safety, AC, Pest Control, Courier, Cars, UPS). (Ref: SOW - Vendor Mgmt)",20.00,Sourced from Administration / Manager - Administration
Admin,Manager,Risk & Compliance,"Audit Compliance, Third-Party Manpower & Statutory Governance","Ensure 100% attendance, salary, and statutory compliance for HK & Security manpower; maintain zero non-conformances in vendor/company audits. (Ref: SOW - Third Party Manpower, Risk & Compliance)",20.00,Sourced from Administration / Manager - Administration
Admin,Manager,People / Leadership,Regional Admin Oversight & Team Leadership,"Supervise regional admin operations (Chennai, Dubai) including Forex, Visa/Emirates ID processing, local compliance, and team productivity. (Ref: SOW - Regional Admin)",20.00,Sourced from Administration / Manager - Administration
Admin,Manager,Process / Operations,Data Management,"AMC Up Keep report, Task report, Expenses report - Security, HK, HK Supplies, Repair and Maintanance, , ROI of Guest house, cost saving report. Gift report,",20.00,Sourced from Administration / Manager - Administration
Admin,Office Assistant,Internal / External Customer,"Physical Mail Dispatch, Document Delivery & Support","Handling internal file movement, bank work, physical letter/courier deliveries, and supporting front desk administrative tasks. (Ref: SOW - Courier, General Admin)",20.00,Sourced from Administration / Office Assistant
Admin,Office Assistant,Process / Operations,"Cafeteria, Pantry & Food Service Management","Assist in daily menu finalization, food hygiene check, snacks count confirmation, and serving refreshments during Director/management meetings. (Ref: SOW - Cafetaria / Pantry services)",35.00,Sourced from Administration / Office Assistant
Admin,Office Assistant,Process / Operations,Office Facility Hygiene & Cleanliness Maintenance,"Monitor daily floor cleanliness, cafeteria upkeep, washroom hygiene, and overall office premise cleanliness. (Ref: SOW - Facility Mgmt, Hygiene)",30.00,Sourced from Administration / Office Assistant
Admin,Office Assistant,Financial / Discipline,Petty Cash Handling for Refreshments & Emergency Needs,"Maintain petty cash vouchers and receipts for office boy expenses, Director food needs, and daily pantry items. (Ref: SOW - Petty Cash)",15.00,Sourced from Administration / Office Assistant
Admin,Senior Executive,Financial,Travel & Event Expense Processing & Finance Liaisoning,Weekly and monthly travel and event expense statement verification and timely forwarding to Finance for payments. (Ref: SOW - Expenses Mgmt),20.00,Sourced from Administration / Senior Executive - Administration
Admin,Senior Executive,Internal / External Customer,"End-to-End Travel Desk, Guest House & Transport Management, Happay tool utlization. Middle east Insurance & Licenses","Manage domestic/international ticket/hotel bookings, Happay portal, forex distribution, VISA, travel insurance, guest house allocation & bus/OLA transport. (Ref: SOW - Travel Desk, Guest House, Transport). Timely renewal of Middle east insurance, Trade licenses.",35.00,Sourced from Administration / Senior Executive - Administration
Admin,Senior Executive,Process / Operations,"Comprehensive Vendor AMC & Service Contract Management, Trael vendor management.","Oversee 15+ vendor categories (HK, Security, Lease, Stationary, CCTV/Biometric, Consumables, Fire Safety, AC, Pest Control, Courier, Cars, UPS). (Ref: SOW - Vendor Mgmt), New vendors and tie - up s with hotels and Airlines.",20.00,Sourced from Administration / Senior Executive - Administration
Admin,Senior Executive,Process / Operations/ Reports,Data Management,"AMC Up Keep report, Task report, Expenses report - Flight, Forex, Hotel bookings, ROI of Guest house, cost saving report, Happay v/s Travel bookig report",25.00,Sourced from Administration / Senior Executive - Administration
Admin,Tele Caller Assistant,Internal / External Customer,Front Desk Operations & Business Call Management,"Attending, greeting, and redirecting incoming business calls with zero delay; maintaining professional front desk demeanor. (Ref: SOW - Front Desk Management)",30.00,Sourced from Administration / Front Desk Executive
Admin,Tele Caller Assistant,Internal / External Customer,"Visitor, Guest Management & Security Register Verification, Inward / Outward Courier & Client Gifting Dispatch, Events and Celebration.","Meet & greet visitors/guests, align them to right stakeholders, issue badges, and maintain visitor/security registers on a weekly basis. (Ref: SOW - Visitor & Guest Mgmt, Security Registers), Manage inward and outward courier log entries, client/festival gifting distribution, and track dispatch status. (Ref: SOW - Courier Services), procure quotes from hotels for conference, training and events.",25.00,Sourced from Administration / Front Desk Executive
Admin,Tele Caller Assistant,Internal / External Customer,Meeting Room Allocation & Employee Onboarding Support,"Manage meeting room booking requests, issue ID cards during employee onboarding, and coordinate systems collection upon offboarding. (Ref: SOW - Meeting Room Booking, Employee Onboarding)",20.00,Sourced from Administration / Front Desk Executive
Admin,Tele Caller Assistant,Process / Operations,"Data Management, Adhoc Work","Task report, updataion of Expenses report, Security Register, Internal event expenses report. Travel booking report",25.00,Sourced from Administration / Front Desk Executive
Application Support,Assistant Vice President,Financial,"TD, BD analysis beyond Threshold",100% of case (Including Daily) going beyond threashold(TD>0.1%) to be reviewed with L2/L3 and closed end to end,10.00,Dependancy on development team; Sourced from Application Support / AVP - Application Support
Application Support,Assistant Vice President,Financial,Incident analysis,100% adherence to SLA of trouble shooting and RCA Preparation and discussion with bank and internal team,10.00,Sourced from Application Support / AVP - Application Support
Application Support,Assistant Vice President,Project / Process,Issue Analysis - Application Defect Indentification,100% Cases/Tickets reported by client to be closed end to end,10.00,Dependancy on development team; Sourced from Application Support / AVP - Application Support
Application Support,Assistant Vice President,Project / Process,DR Drill Support,100% Adherence to guidelines/SOPs,5.00,Sourced from Application Support / AVP - Application Support
Application Support,Assistant Vice President,Project / Process,Weekly Review with L3/L2,100% Submission of Monthly performance report,5.00,Sourced from Application Support / AVP - Application Support
Application Support,Assistant Vice President,Project / Process,Meeting with Client,Weekly/fortnightly meeting with proper MOM & Actionable. 100% closer of actioable before next meeting,10.00,Sourced from Application Support / AVP - Application Support
Application Support,Assistant Vice President,Project / Process,Product and Infra Setup Understanding,Review of knowledge article submitted by L1/L2/L3and publish in repository on monthly basis,10.00,Sourced from Application Support / AVP - Application Support
Application Support,Assistant Vice President,Project / Process,Knowledge Transfer,Understand the product from Development and give knowledage session to next level team (L1/L2/L3). Min 2 sessions monthly.,10.00,Sourced from Application Support / AVP - Application Support
Application Support,Assistant Vice President,Internal / External Customer,C-SAT,8 by 10,10.00,Templatised data from client and internal manager; Sourced from Application Support / AVP - Application Support
Application Support,Assistant Vice President,People,JIRA,Review of JIRA to make sure 100% adherence done by the L1/L2/L3,10.00,Sourced from Application Support / AVP - Application Support
Application Support,Assistant Vice President,People,Interpersonal skills,No Major Escalation for behavioral issues,5.00,Sourced from Application Support / AVP - Application Support
Application Support,Assistant Vice President,People,Training,40 hours of training in a year arrnaged by MGS,5.00,Sourced from Application Support / AVP - Application Support
Application Support,Executive,Financial,Payment Milestones,Ontime or max delay of 3 months,3.00,Sourced from Application Support / L1 Support
Application Support,Executive,Financial,Time to respond to RFPs Estimates,Max 5 days,2.00,Sourced from Application Support / L1 Support
Application Support,Executive,Financial,People Addition to project,Not more than 10% more than planned,3.00,Sourced from Application Support / L1 Support
Application Support,Executive,Financial,Incident analysis,100% adherence to SLA of trouble shooting and timely action based on defined SOPs and instructions by L2/ L3,5.00,Sourced from Application Support / L1 Support
Application Support,Executive,Financial,Monthly Billing Data,before 5th of every month to A/C & Finance,3.00,"Mention Dependencies if any; Tab is named ""Template""; generic support goals, assigned to L1; Sourced from Application Support / L1 Support"
Application Support,Executive,Financial,Unplanned downtime,As per SLA,6.00,"Tab is named ""Template""; generic support goals, assigned to L1; Sourced from Application Support / L1 Support"
Application Support,Executive,Financial,Technical declines,Success Rate approx 99.95%,3.00,"Tab is named ""Template""; generic support goals, assigned to L1; Sourced from Application Support / L1 Support"
Application Support,Executive,Project / Process,Use of Tools (Zoho) for project Tracking,100% Adaption,3.00,Sourced from Application Support / L1 Support
Application Support,Executive,Project / Process,Stage wise tracking of estimates planned vs actual,Every Month for all projects,2.00,Sourced from Application Support / L1 Support
Application Support,Executive,Project / Process,Focus on QA process for improvement of Quality,100% QA,3.00,Sourced from Application Support / L1 Support
Application Support,Executive,Project / Process,Daily Checklist,100%Adherence to execution of daily task list and preparation of daily checklist report,6.00,Sourced from Application Support / L1 Support
Application Support,Executive,Project / Process,Review daily Task with L2,100% Submission of daily tracker and review with L2/L3,3.00,Sourced from Application Support / L1 Support
Application Support,Executive,Project / Process,Deployment activity Support,100% Adherence to guidelines/SOPs,2.00,Sourced from Application Support / L1 Support
Application Support,Executive,Project / Process,DR Drill Support,100% Adherence to guidelines/SOPs,2.00,Sourced from Application Support / L1 Support
Application Support,Executive,Project / Process,Product and Infra Setup Understanding,min 5 unique knowledge article submission on quarterly basis,3.00,Sourced from Application Support / L1 Support
Application Support,Executive,Project / Process,BAU activities,Baseon SLA,3.00,"Tab is named ""Template""; generic support goals, assigned to L1; Sourced from Application Support / L1 Support"
Application Support,Executive,Project / Process,User Based issues,Depends on priority agreed by bank,6.00,"Tab is named ""Template""; generic support goals, assigned to L1; Sourced from Application Support / L1 Support"
Application Support,Executive,Project / Process,Quaterly Activity -DR Drill,Quarterly,6.00,"Tab is named ""Template""; generic support goals, assigned to L1; Sourced from Application Support / L1 Support"
Application Support,Executive,Internal / External Customer,Response to queries,Max in 24 Hrs all the time,3.00,Sourced from Application Support / L1 Support
Application Support,Executive,Internal / External Customer,Drop in Escalation,Drop in escalation by 80%,2.00,Sourced from Application Support / L1 Support
Application Support,Executive,Internal / External Customer,C-SAT,8 by 10,2.00,Templatised data from client/internal manager; Sourced from Application Support / L1 Support
Application Support,Executive,Internal / External Customer,MIS Report,based on frequency as per client requirement,3.00,"Tab is named ""Template""; generic support goals, assigned to L1; Sourced from Application Support / L1 Support"
Application Support,Executive,Internal / External Customer,Performance report to bank,Daily basis,3.00,"Not rated for this year - but practice initiated; Tab is named ""Template""; generic support goals, assigned to L1; Sourced from Application Support / L1 Support"
Application Support,Executive,People,Timely Interviews,Not more than 10% cancellation / postponement,3.00,Sourced from Application Support / L1 Support
Application Support,Executive,People,Compliance to Zoho Time,1,3.00,Sourced from Application Support / L1 Support
Application Support,Executive,People,Team attrition for Overall CI,< 15%,3.00,Sourced from Application Support / L1 Support
Application Support,Executive,People,Employee Review Quarterly,1,2.00,Sourced from Application Support / L1 Support
Application Support,Executive,People,Time sheet,100% Adherence,3.00,Sourced from Application Support / L1 Support
Application Support,Executive,People,JIRA,100% Adherence,3.00,Sourced from Application Support / L1 Support
Application Support,Executive,People,Interpersonal skills,No Major Escalation for behavioral issues,2.00,Sourced from Application Support / L1 Support
Application Support,Executive,People,Training,40 hours of training in a year arrnaged by MGS,2.00,Sourced from Application Support / L1 Support
Application Support,Executive,People,Timesheet,100% Adoption,1.00,"Tab is named ""Template""; generic support goals, assigned to L1; Sourced from Application Support / L1 Support"
Application Support,Executive,People,JIRA Tracking,100% Adoption,1.00,"Tab is named ""Template""; generic support goals, assigned to L1; Sourced from Application Support / L1 Support"
Application Support,Lead,Financial,"TD, BD analysis beyond Threshold",100% of case (Including Daily) going beyond threashold(TD>0.1%) to be analysed and highlighted to next level,10.00,Dependancy on development team; Tab named after a person (Vipul); Sourced from Application Support / L3 Support
Application Support,Lead,Financial,Incident analysis,100% adherence to SLA of trouble shooting and RCA Preparation and discussion with bank and internal team,10.00,Tab named after a person (Vipul); Sourced from Application Support / L3 Support
Application Support,Lead,Project / Process,Issue Analysis - Application Defect Indentification,100%cases reported by client to be closed end to end,10.00,Dependancy on development team; Tab named after a person (Vipul); Sourced from Application Support / L3 Support
Application Support,Lead,Project / Process,DR Drill Support,100% Adherence to guidelines/SOPs,5.00,Tab named after a person (Vipul); Sourced from Application Support / L3 Support
Application Support,Lead,Project / Process,Weekly Review with L1/L2,100% Submission of weekly tracker,10.00,Tab named after a person (Vipul); Sourced from Application Support / L3 Support
Application Support,Lead,Project / Process,Meeting with Client/Internal team,weekly meeting with proper MOM & Actionable,10.00,Tab named after a person (Vipul); Sourced from Application Support / L3 Support
Application Support,Lead,Project / Process,Product and Infra Setup Understanding,Review of knowledge article submitted by L1/L2 and publish in repository on monthly basis | min 10 unique knowledge article submission on quarterly basis,10.00,Tab named after a person (Vipul); Sourced from Application Support / L3 Support; Sourced from Application Support / L3 Support; Merged 2 rows with the same KRA; weight kept at 10 (identical on all 2 rows)
Application Support,Lead,Internal / External Customer,C-SAT,8 by 10,10.00,Templatised data from client and internal manager; Tab named after a person (Vipul); Sourced from Application Support / L3 Support
Application Support,Lead,People,Time sheet,100% Adherence,5.00,Tab named after a person (Vipul); Sourced from Application Support / L3 Support
Application Support,Lead,People,JIRA,100% Adherence,10.00,Tab named after a person (Vipul); Sourced from Application Support / L3 Support
Application Support,Lead,People,Interpersonal skills,No Major Escalation for behavioral issues,5.00,Tab named after a person (Vipul); Sourced from Application Support / L3 Support
Application Support,Lead,People,Training,40 hours of training in a year arrnaged by MGS,5.00,Tab named after a person (Vipul); Sourced from Application Support / L3 Support
Application Support,Manager,Financial,"TD, BD analysis beyond Threshold",100% of case (Including Daily) going beyond threashold(TD>0.1%) to be analysed and highlighted to next level,10.00,Dependancy on development team; Tab named after a person (Vipul); Sourced from Application Support / L3 Support
Application Support,Manager,Financial,Incident analysis,100% adherence to SLA of trouble shooting and RCA Preparation and discussion with bank and internal team,10.00,Tab named after a person (Vipul); Sourced from Application Support / L3 Support
Application Support,Manager,Project / Process,Issue Analysis - Application Defect Indentification,100%cases reported by client to be closed end to end,10.00,Dependancy on development team; Tab named after a person (Vipul); Sourced from Application Support / L3 Support
Application Support,Manager,Project / Process,DR Drill Support,100% Adherence to guidelines/SOPs,5.00,Tab named after a person (Vipul); Sourced from Application Support / L3 Support
Application Support,Manager,Project / Process,Weekly Review with L1/L2,100% Submission of weekly tracker,10.00,Tab named after a person (Vipul); Sourced from Application Support / L3 Support
Application Support,Manager,Project / Process,Meeting with Client/Internal team,weekly meeting with proper MOM & Actionable,10.00,Tab named after a person (Vipul); Sourced from Application Support / L3 Support
Application Support,Manager,Project / Process,Product and Infra Setup Understanding,Review of knowledge article submitted by L1/L2 and publish in repository on monthly basis | min 10 unique knowledge article submission on quarterly basis,10.00,Tab named after a person (Vipul); Sourced from Application Support / L3 Support; Sourced from Application Support / L3 Support; Merged 2 rows with the same KRA; weight kept at 10 (identical on all 2 rows)
Application Support,Manager,Internal / External Customer,C-SAT,8 by 10,10.00,Templatised data from client and internal manager; Tab named after a person (Vipul); Sourced from Application Support / L3 Support
Application Support,Manager,People,Time sheet,100% Adherence,5.00,Tab named after a person (Vipul); Sourced from Application Support / L3 Support
Application Support,Manager,People,JIRA,100% Adherence,10.00,Tab named after a person (Vipul); Sourced from Application Support / L3 Support
Application Support,Manager,People,Interpersonal skills,No Major Escalation for behavioral issues,5.00,Tab named after a person (Vipul); Sourced from Application Support / L3 Support
Application Support,Manager,People,Training,40 hours of training in a year arrnaged by MGS,5.00,Tab named after a person (Vipul); Sourced from Application Support / L3 Support
Application Support,Senior Manager,Financial,"TD, BD analysis beyond Threshold",100% of case (Including Daily) going beyond threashold(TD>0.1%) to be reviewed with L2/L3 and closed end to end,10.00,Dependancy on development team; Sourced from Application Support / AVP - Application Support
Application Support,Senior Manager,Financial,Incident analysis,100% adherence to SLA of trouble shooting and RCA Preparation and discussion with bank and internal team,10.00,Sourced from Application Support / AVP - Application Support
Application Support,Senior Manager,Project / Process,Issue Analysis - Application Defect Indentification,100% Cases/Tickets reported by client to be closed end to end,10.00,Dependancy on development team; Sourced from Application Support / AVP - Application Support
Application Support,Senior Manager,Project / Process,DR Drill Support,100% Adherence to guidelines/SOPs,5.00,Sourced from Application Support / AVP - Application Support
Application Support,Senior Manager,Project / Process,Weekly Review with L3/L2,100% Submission of Monthly performance report,5.00,Sourced from Application Support / AVP - Application Support
Application Support,Senior Manager,Project / Process,Meeting with Client,Weekly/fortnightly meeting with proper MOM & Actionable. 100% closer of actioable before next meeting,10.00,Sourced from Application Support / AVP - Application Support
Application Support,Senior Manager,Project / Process,Product and Infra Setup Understanding,Review of knowledge article submitted by L1/L2/L3and publish in repository on monthly basis,10.00,Sourced from Application Support / AVP - Application Support
Application Support,Senior Manager,Project / Process,Knowledge Transfer,Understand the product from Development and give knowledage session to next level team (L1/L2/L3). Min 2 sessions monthly.,10.00,Sourced from Application Support / AVP - Application Support
Application Support,Senior Manager,Internal / External Customer,C-SAT,8 by 10,10.00,Templatised data from client and internal manager; Sourced from Application Support / AVP - Application Support
Application Support,Senior Manager,People,JIRA,Review of JIRA to make sure 100% adherence done by the L1/L2/L3,10.00,Sourced from Application Support / AVP - Application Support
Application Support,Senior Manager,People,Interpersonal skills,No Major Escalation for behavioral issues,5.00,Sourced from Application Support / AVP - Application Support
Application Support,Senior Manager,People,Training,40 hours of training in a year arrnaged by MGS,5.00,Sourced from Application Support / AVP - Application Support
Application Support,Senior Software Analyst,Financial,"TD, BD analysis beyond Threshold",100% of case (Including Daily) going beyond threashold(TD>0.1%) to be analysed and highlighted to next level,10.00,Dependancy on development team; Sourced from Application Support / L2 Support
Application Support,Senior Software Analyst,Financial,Incident analysis,100% adherence to SLA of trouble shooting and RCA Preparation and discussion with bank and internal team,10.00,Sourced from Application Support / L2 Support
Application Support,Senior Software Analyst,Project / Process,Issue Analysis - Application Defect Indentification,100% Cases/Tickets reported by client to be closed end to end,10.00,Dependancy on development team; Sourced from Application Support / L2 Support
Application Support,Senior Software Analyst,Project / Process,Deployment activity Support,100% Adherence to guidelines/SOPs,5.00,Sourced from Application Support / L2 Support
Application Support,Senior Software Analyst,Project / Process,DR Drill Support,100% Adherence to guidelines/SOPs,5.00,Sourced from Application Support / L2 Support
Application Support,Senior Software Analyst,Project / Process,Review daily Task of L1 Support /Monitoring,100% Submission of daily tracker,10.00,Sourced from Application Support / L2 Support
Application Support,Senior Software Analyst,Project / Process,Meeting with Client/Internal team,weekly meeting with proper MOM & Actionable,10.00,Sourced from Application Support / L2 Support
Application Support,Senior Software Analyst,Project / Process,Product and Infra Setup Understanding,min 10 unique knowledge article submission on quarterly basis,10.00,Sourced from Application Support / L2 Support
Application Support,Senior Software Analyst,Internal / External Customer,C-SAT,8 by 10,5.00,Templatised data from client and internal manager; Sourced from Application Support / L2 Support
Application Support,Senior Software Analyst,People,Time sheet,100% Adherence,5.00,Sourced from Application Support / L2 Support
Application Support,Senior Software Analyst,People,JIRA,100% Adherence,10.00,Sourced from Application Support / L2 Support
Application Support,Senior Software Analyst,People,Interpersonal skills,No Major Escalation for behavioral issues,5.00,Sourced from Application Support / L2 Support
Application Support,Senior Software Analyst,People,Training,40 hours of training in a year arrnaged by MGS,5.00,Sourced from Application Support / L2 Support
Application Support,Software Analyst,Financial,Payment Milestones,Ontime or max delay of 3 months,3.00,Sourced from Application Support / L1 Support
Application Support,Software Analyst,Financial,Time to respond to RFPs Estimates,Max 5 days,2.00,Sourced from Application Support / L1 Support
Application Support,Software Analyst,Financial,People Addition to project,Not more than 10% more than planned,3.00,Sourced from Application Support / L1 Support
Application Support,Software Analyst,Financial,Incident analysis,100% adherence to SLA of trouble shooting and timely action based on defined SOPs and instructions by L2/ L3,5.00,Sourced from Application Support / L1 Support
Application Support,Software Analyst,Financial,Monthly Billing Data,before 5th of every month to A/C & Finance,3.00,"Mention Dependencies if any; Tab is named ""Template""; generic support goals, assigned to L1; Sourced from Application Support / L1 Support"
Application Support,Software Analyst,Financial,Unplanned downtime,As per SLA,6.00,"Tab is named ""Template""; generic support goals, assigned to L1; Sourced from Application Support / L1 Support"
Application Support,Software Analyst,Financial,Technical declines,Success Rate approx 99.95%,3.00,"Tab is named ""Template""; generic support goals, assigned to L1; Sourced from Application Support / L1 Support"
Application Support,Software Analyst,Project / Process,Use of Tools (Zoho) for project Tracking,100% Adaption,3.00,Sourced from Application Support / L1 Support
Application Support,Software Analyst,Project / Process,Stage wise tracking of estimates planned vs actual,Every Month for all projects,2.00,Sourced from Application Support / L1 Support
Application Support,Software Analyst,Project / Process,Focus on QA process for improvement of Quality,100% QA,3.00,Sourced from Application Support / L1 Support
Application Support,Software Analyst,Project / Process,Daily Checklist,100%Adherence to execution of daily task list and preparation of daily checklist report,6.00,Sourced from Application Support / L1 Support
Application Support,Software Analyst,Project / Process,Review daily Task with L2,100% Submission of daily tracker and review with L2/L3,3.00,Sourced from Application Support / L1 Support
Application Support,Software Analyst,Project / Process,Deployment activity Support,100% Adherence to guidelines/SOPs,2.00,Sourced from Application Support / L1 Support
Application Support,Software Analyst,Project / Process,DR Drill Support,100% Adherence to guidelines/SOPs,2.00,Sourced from Application Support / L1 Support
Application Support,Software Analyst,Project / Process,Product and Infra Setup Understanding,min 5 unique knowledge article submission on quarterly basis,3.00,Sourced from Application Support / L1 Support
Application Support,Software Analyst,Project / Process,BAU activities,Baseon SLA,3.00,"Tab is named ""Template""; generic support goals, assigned to L1; Sourced from Application Support / L1 Support"
Application Support,Software Analyst,Project / Process,User Based issues,Depends on priority agreed by bank,6.00,"Tab is named ""Template""; generic support goals, assigned to L1; Sourced from Application Support / L1 Support"
Application Support,Software Analyst,Project / Process,Quaterly Activity -DR Drill,Quarterly,6.00,"Tab is named ""Template""; generic support goals, assigned to L1; Sourced from Application Support / L1 Support"
Application Support,Software Analyst,Internal / External Customer,Response to queries,Max in 24 Hrs all the time,3.00,Sourced from Application Support / L1 Support
Application Support,Software Analyst,Internal / External Customer,Drop in Escalation,Drop in escalation by 80%,2.00,Sourced from Application Support / L1 Support
Application Support,Software Analyst,Internal / External Customer,C-SAT,8 by 10,2.00,Templatised data from client/internal manager; Sourced from Application Support / L1 Support
Application Support,Software Analyst,Internal / External Customer,MIS Report,based on frequency as per client requirement,3.00,"Tab is named ""Template""; generic support goals, assigned to L1; Sourced from Application Support / L1 Support"
Application Support,Software Analyst,Internal / External Customer,Performance report to bank,Daily basis,3.00,"Not rated for this year - but practice initiated; Tab is named ""Template""; generic support goals, assigned to L1; Sourced from Application Support / L1 Support"
Application Support,Software Analyst,People,Timely Interviews,Not more than 10% cancellation / postponement,3.00,Sourced from Application Support / L1 Support
Application Support,Software Analyst,People,Compliance to Zoho Time,1,3.00,Sourced from Application Support / L1 Support
Application Support,Software Analyst,People,Team attrition for Overall CI,< 15%,3.00,Sourced from Application Support / L1 Support
Application Support,Software Analyst,People,Employee Review Quarterly,1,2.00,Sourced from Application Support / L1 Support
Application Support,Software Analyst,People,Time sheet,100% Adherence,3.00,Sourced from Application Support / L1 Support
Application Support,Software Analyst,People,JIRA,100% Adherence,3.00,Sourced from Application Support / L1 Support
Application Support,Software Analyst,People,Interpersonal skills,No Major Escalation for behavioral issues,2.00,Sourced from Application Support / L1 Support
Application Support,Software Analyst,People,Training,40 hours of training in a year arrnaged by MGS,2.00,Sourced from Application Support / L1 Support
Application Support,Software Analyst,People,Timesheet,100% Adoption,1.00,"Tab is named ""Template""; generic support goals, assigned to L1; Sourced from Application Support / L1 Support"
Application Support,Software Analyst,People,JIRA Tracking,100% Adoption,1.00,"Tab is named ""Template""; generic support goals, assigned to L1; Sourced from Application Support / L1 Support"
Application Support,Trainee,Financial,Payment Milestones,Ontime or max delay of 3 months,3.00,Sourced from Application Support / L1 Support
Application Support,Trainee,Financial,Time to respond to RFPs Estimates,Max 5 days,2.00,Sourced from Application Support / L1 Support
Application Support,Trainee,Financial,People Addition to project,Not more than 10% more than planned,3.00,Sourced from Application Support / L1 Support
Application Support,Trainee,Financial,Incident analysis,100% adherence to SLA of trouble shooting and timely action based on defined SOPs and instructions by L2/ L3,5.00,Sourced from Application Support / L1 Support
Application Support,Trainee,Financial,Monthly Billing Data,before 5th of every month to A/C & Finance,3.00,"Mention Dependencies if any; Tab is named ""Template""; generic support goals, assigned to L1; Sourced from Application Support / L1 Support"
Application Support,Trainee,Financial,Unplanned downtime,As per SLA,6.00,"Tab is named ""Template""; generic support goals, assigned to L1; Sourced from Application Support / L1 Support"
Application Support,Trainee,Financial,Technical declines,Success Rate approx 99.95%,3.00,"Tab is named ""Template""; generic support goals, assigned to L1; Sourced from Application Support / L1 Support"
Application Support,Trainee,Project / Process,Use of Tools (Zoho) for project Tracking,100% Adaption,3.00,Sourced from Application Support / L1 Support
Application Support,Trainee,Project / Process,Stage wise tracking of estimates planned vs actual,Every Month for all projects,2.00,Sourced from Application Support / L1 Support
Application Support,Trainee,Project / Process,Focus on QA process for improvement of Quality,100% QA,3.00,Sourced from Application Support / L1 Support
Application Support,Trainee,Project / Process,Daily Checklist,100%Adherence to execution of daily task list and preparation of daily checklist report,6.00,Sourced from Application Support / L1 Support
Application Support,Trainee,Project / Process,Review daily Task with L2,100% Submission of daily tracker and review with L2/L3,3.00,Sourced from Application Support / L1 Support
Application Support,Trainee,Project / Process,Deployment activity Support,100% Adherence to guidelines/SOPs,2.00,Sourced from Application Support / L1 Support
Application Support,Trainee,Project / Process,DR Drill Support,100% Adherence to guidelines/SOPs,2.00,Sourced from Application Support / L1 Support
Application Support,Trainee,Project / Process,Product and Infra Setup Understanding,min 5 unique knowledge article submission on quarterly basis,3.00,Sourced from Application Support / L1 Support
Application Support,Trainee,Project / Process,BAU activities,Baseon SLA,3.00,"Tab is named ""Template""; generic support goals, assigned to L1; Sourced from Application Support / L1 Support"
Application Support,Trainee,Project / Process,User Based issues,Depends on priority agreed by bank,6.00,"Tab is named ""Template""; generic support goals, assigned to L1; Sourced from Application Support / L1 Support"
Application Support,Trainee,Project / Process,Quaterly Activity -DR Drill,Quarterly,6.00,"Tab is named ""Template""; generic support goals, assigned to L1; Sourced from Application Support / L1 Support"
Application Support,Trainee,Internal / External Customer,Response to queries,Max in 24 Hrs all the time,3.00,Sourced from Application Support / L1 Support
Application Support,Trainee,Internal / External Customer,Drop in Escalation,Drop in escalation by 80%,2.00,Sourced from Application Support / L1 Support
Application Support,Trainee,Internal / External Customer,C-SAT,8 by 10,2.00,Templatised data from client/internal manager; Sourced from Application Support / L1 Support
Application Support,Trainee,Internal / External Customer,MIS Report,based on frequency as per client requirement,3.00,"Tab is named ""Template""; generic support goals, assigned to L1; Sourced from Application Support / L1 Support"
Application Support,Trainee,Internal / External Customer,Performance report to bank,Daily basis,3.00,"Not rated for this year - but practice initiated; Tab is named ""Template""; generic support goals, assigned to L1; Sourced from Application Support / L1 Support"
Application Support,Trainee,People,Timely Interviews,Not more than 10% cancellation / postponement,3.00,Sourced from Application Support / L1 Support
Application Support,Trainee,People,Compliance to Zoho Time,1,3.00,Sourced from Application Support / L1 Support
Application Support,Trainee,People,Team attrition for Overall CI,< 15%,3.00,Sourced from Application Support / L1 Support
Application Support,Trainee,People,Employee Review Quarterly,1,2.00,Sourced from Application Support / L1 Support
Application Support,Trainee,People,Time sheet,100% Adherence,3.00,Sourced from Application Support / L1 Support
Application Support,Trainee,People,JIRA,100% Adherence,3.00,Sourced from Application Support / L1 Support
Application Support,Trainee,People,Interpersonal skills,No Major Escalation for behavioral issues,2.00,Sourced from Application Support / L1 Support
Application Support,Trainee,People,Training,40 hours of training in a year arrnaged by MGS,2.00,Sourced from Application Support / L1 Support
Application Support,Trainee,People,Timesheet,100% Adoption,1.00,"Tab is named ""Template""; generic support goals, assigned to L1; Sourced from Application Support / L1 Support"
Application Support,Trainee,People,JIRA Tracking,100% Adoption,1.00,"Tab is named ""Template""; generic support goals, assigned to L1; Sourced from Application Support / L1 Support"
Business Finance,Executive,Financial,Routine Finance Operations & Data Entry Accuracy,"Process financial transactions, PO matching, and invoice entries with > 99% data accuracy",25.00,
Business Finance,Executive,Financial,Accounts Receivable & Payable Support Execution,Ensure timely processing of vendor payments and assist in customer payment follow-ups,20.00,
Business Finance,Executive,Project / Process,Daily Log & Checklist Adherence,100% on-time execution of daily finance operational checklists and tool updates,20.00,
Business Finance,Executive,Project / Process,Compliance File Maintenance & Records Management,"Maintain 100% audit-ready filing for invoices, receipts, and bank vouchers",15.00,
Business Finance,Executive,Internal / External Customer,Response to Internal Queries,Acknowledge and respond to internal team queries within 24 hours SLA,10.00,
Business Finance,Executive,People,Skill Development & Team Work,Participate actively in team briefings; complete 40 hours training annually,10.00,
Business Finance,Senior Business Finance Analyst,Financial,Monthly MIS Preparation & Revenue/Cost Variance Analysis,Deliver accurate monthly MIS reports by 5th of every month; detail cost variances > 2%,25.00,
Business Finance,Senior Business Finance Analyst,Financial,Project Costing & Commercial Deal Modeling,Build pricing models for client RFPs and CRs within 48 hours SLA with 100% formula accuracy,20.00,
Business Finance,Senior Business Finance Analyst,Project / Process,Budget vs Actual Tracking & Expense Audit,Audit department OPEX expense claims; ensure 100% compliance with corporate spending policies,20.00,
Business Finance,Senior Business Finance Analyst,Project / Process,Reconciliation & Data Integrity,Reconcile ERP financial data with operational billing records monthly; 0 unresolved discrepancies,15.00,
Business Finance,Senior Business Finance Analyst,Internal / External Customer,Stakeholder Query Turnaround,Resolve financial analysis requests from business leads within 24 hours SLA,10.00,
Business Finance,Senior Business Finance Analyst,People,Process Knowledge Sharing & Self Development,Conduct peer knowledge sharing sessions; complete 40 hours of advanced financial training annually,10.00,
Business Finance,Senior Manager,Financial,"Business Unit Budgeting, Forecasting & Variance Analysis","Deliver monthly MIS, annual budget, and quarterly rolling forecasts; budget variance maintained within +/- 3%",25.00,
Business Finance,Senior Manager,Financial,Product & Project Profitability Management,Track gross margin by product line/client contract; identify & execute cost optimization initiatives saving >= 5% OPEX,20.00,
Business Finance,Senior Manager,Project / Process,Financial Process Automation & Controls,Automate financial reporting and billing reconciliation workflows; 100% adherence to internal financial controls,20.00,
Business Finance,Senior Manager,Project / Process,Commercial Proposal Evaluation & Revenue Assurance,Review 100% commercial proposals for margin compliance; ensure zero revenue leakage across active contracts,15.00,
Business Finance,Senior Manager,Internal / External Customer,Business Partnering & Stakeholder Management,Provide actionable financial insights to BU Heads within 3 days of month-end close; CSAT rating >= 9/10,10.00,
Business Finance,Senior Manager,People,Team Mentorship & Skill Development,Mentor business finance analysts; ensure team completes 40 hrs training per year per member,10.00,
Business Finance,Vice President I,Financial,Strategic Financial Planning & Profitability,"Achieve corporate revenue, gross margin, and EBITDA targets; maintain OPEX within approved budget",25.00,Sourced from Business Finance / Vice President
Business Finance,Vice President I,Financial,Capital Allocation & Working Capital Management,"Optimize Days Sales Outstanding (DSO) < 45 days, reduce cost of capital, and manage cash flow forecasting",15.00,Sourced from Business Finance / Vice President
Business Finance,Vice President I,Project / Process,Financial Governance & Regulatory Compliance,"100% compliance with statutory audits, tax regulations, and internal financial controls; 0 material audit findings",20.00,Sourced from Business Finance / Vice President
Business Finance,Vice President I,Project / Process,Strategic Pricing & Commercial Deal Structuring,Structure & approve enterprise commercial proposals to ensure minimum project gross margin >= 35%,15.00,Sourced from Business Finance / Vice President
Business Finance,Vice President I,Internal / External Customer,Executive Leadership & Investor/Board Reporting,Deliver monthly/quarterly financial dashboards to Board & CXOs; first-time accuracy of forecasts >= 95%,13.00,Sourced from Business Finance / Vice President
Business Finance,Vice President I,People,Finance Organization Leadership & Talent Development,Build high-performing finance team; maintain team attrition < 8%; ensure 100% timely performance reviews,12.00,Sourced from Business Finance / Vice President
Cloud,Assistant Manager,Financial,Optimize IT and security infrastructure costs while enhancing risk management,1.1 Maintain budgeted IT infrastructure and security costs | Source: Budget Review,9.00,"RBI Compliances, New customer expecations, Increase in agreed SoW, Audit observations; File says ""Development team"" but content is IT and security infrastructure; Sourced from IT / Manager - IT & Security"
Cloud,Assistant Manager,Project / Process,Streamline IT & Security operations with focus on automation,"2.1 Reduce high-severity security incidents by 20% | Source: ITSM Tools dahsboards, Customer Reviews",14.00,"Not considering false positives; File says ""Development team"" but content is IT and security infrastructure; Sourced from IT / Manager - IT & Security"
Cloud,Assistant Manager,Project / Process,Decrease average incident mitigations time by 10%,"Data source: ITSM Tools dahsboards, Customer Reviews",13.00,"Third party dependency, OEM Dependecies; File says ""Development team"" but content is IT and security infrastructure; Sourced from IT / Manager - IT & Security"
Cloud,Assistant Manager,Project / Process,Achieve 100% compliance with RBI and NPCI security guidelines within reasonable time,"Data source: Internal and External Audits, Comments & feedback by customer top management",9.00,"Out Scope items, Accepted risks & business justifications, Risk Justifications; File says ""Development team"" but content is IT and security infrastructure; Sourced from IT / Manager - IT & Security"
Cloud,Assistant Manager,Project / Process,Implement predictive maintenance to reduce unplanned downtime due to capacity issues,Data source: Incidents dashboards and root causes,9.00,"Application and other integration not directly with cloud / IT team, Third party depencies, OEM dependencies; File says ""Development team"" but content is IT and security infrastructure; Sourced from IT / Manager - IT & Security"
Cloud,Assistant Manager,Project / Process,Streamline IT Infrastructure,2.1 Reduce Infra incidents by 20%,10.00,Single stray row in an untitled tab; Sourced from IT / Manager - IT & Security
Cloud,Assistant Manager,Internal / External Customer,Enhance external customer trust through robust measures and communication,3.1 Achieve 70% satisfaction rate in IT services survey & Audits | Source: Surveys and Feedback,9.00,"Biases ( Recency bias, brand impacts, unrelated projections); File says ""Development team"" but content is IT and security infrastructure; Sourced from IT / Manager - IT & Security"
Cloud,Assistant Manager,Internal / External Customer,Reduce customer-reported security concerns within a reasonable time by 25%,"Data source: Surveys and Feedback, Security Reports by Clients",9.00,"Out Scope items, Accepted risks & business justifications, Risk Justifications, Application closures issues, OEM & Third party dependency; File says ""Development team"" but content is IT and security infrastructure; Sourced from IT / Manager - IT & Security"
Cloud,Assistant Manager,People,Voluntary Attrition Control & Employer-Emplopyee satisfaction,4.1 Less than equal to organization target of 15% | Source: HRMS,9.00,"Attributing to brand & salary, dissatisfaction on appraisals, Work Pressure; File says ""Development team"" but content is IT and security infrastructure; Sourced from IT / Manager - IT & Security"
Cloud,Assistant Manager,People,All critical resources to complete emerging threat / technology trainings,Data source: Training Records,9.00,"Non-Sponsored trainings can impact relevancy; File says ""Development team"" but content is IT and security infrastructure; Sourced from IT / Manager - IT & Security"
Cloud,Assistant Vice President,Financial,Optimize IT and security infrastructure costs while enhancing risk management,1.1 Maintain budgeted IT infrastructure and security costs | Source: Budget Review,9.00,"RBI Compliances, New customer expecations, Increase in agreed SoW, Audit observations; File says ""Development team"" but content is IT and security infrastructure; Sourced from IT / Manager - IT & Security"
Cloud,Assistant Vice President,Project / Process,Streamline IT & Security operations with focus on automation,"2.1 Reduce high-severity security incidents by 20% | Source: ITSM Tools dahsboards, Customer Reviews",14.00,"Not considering false positives; File says ""Development team"" but content is IT and security infrastructure; Sourced from IT / Manager - IT & Security"
Cloud,Assistant Vice President,Project / Process,Decrease average incident mitigations time by 10%,"Data source: ITSM Tools dahsboards, Customer Reviews",13.00,"Third party dependency, OEM Dependecies; File says ""Development team"" but content is IT and security infrastructure; Sourced from IT / Manager - IT & Security"
Cloud,Assistant Vice President,Project / Process,Achieve 100% compliance with RBI and NPCI security guidelines within reasonable time,"Data source: Internal and External Audits, Comments & feedback by customer top management",9.00,"Out Scope items, Accepted risks & business justifications, Risk Justifications; File says ""Development team"" but content is IT and security infrastructure; Sourced from IT / Manager - IT & Security"
Cloud,Assistant Vice President,Project / Process,Implement predictive maintenance to reduce unplanned downtime due to capacity issues,Data source: Incidents dashboards and root causes,9.00,"Application and other integration not directly with cloud / IT team, Third party depencies, OEM dependencies; File says ""Development team"" but content is IT and security infrastructure; Sourced from IT / Manager - IT & Security"
Cloud,Assistant Vice President,Project / Process,Streamline IT Infrastructure,2.1 Reduce Infra incidents by 20%,10.00,Single stray row in an untitled tab; Sourced from IT / Manager - IT & Security
Cloud,Assistant Vice President,Internal / External Customer,Enhance external customer trust through robust measures and communication,3.1 Achieve 70% satisfaction rate in IT services survey & Audits | Source: Surveys and Feedback,9.00,"Biases ( Recency bias, brand impacts, unrelated projections); File says ""Development team"" but content is IT and security infrastructure; Sourced from IT / Manager - IT & Security"
Cloud,Assistant Vice President,Internal / External Customer,Reduce customer-reported security concerns within a reasonable time by 25%,"Data source: Surveys and Feedback, Security Reports by Clients",9.00,"Out Scope items, Accepted risks & business justifications, Risk Justifications, Application closures issues, OEM & Third party dependency; File says ""Development team"" but content is IT and security infrastructure; Sourced from IT / Manager - IT & Security"
Cloud,Assistant Vice President,People,Voluntary Attrition Control & Employer-Emplopyee satisfaction,4.1 Less than equal to organization target of 15% | Source: HRMS,9.00,"Attributing to brand & salary, dissatisfaction on appraisals, Work Pressure; File says ""Development team"" but content is IT and security infrastructure; Sourced from IT / Manager - IT & Security"
Cloud,Assistant Vice President,People,All critical resources to complete emerging threat / technology trainings,Data source: Training Records,9.00,"Non-Sponsored trainings can impact relevancy; File says ""Development team"" but content is IT and security infrastructure; Sourced from IT / Manager - IT & Security"
Cloud,Cloud Engineer,Project / Process,Logging and tracking support requests through ticketing systems to ensure timely resolution.,95% tickets should be closed based on SLA,10.00,Sourced from IT / Cloud Operations Engineer
Cloud,Cloud Engineer,Project / Process,"Proactive maintenance Of systems, networks and devices and maintain uptime",100% of system should be copmplaint with latest security updates,10.00,Sourced from IT / Cloud Operations Engineer
Cloud,Cloud Engineer,Project / Process,Inventory of systems and Standardization,100% Accurate and updated records shared on weekly basis,10.00,Sourced from IT / Cloud Operations Engineer
Cloud,Cloud Engineer,Project / Process,DR & Patch Management,100% of system should be copmplaint with latest security updates,10.00,Sourced from IT / Cloud Operations Engineer
Cloud,Cloud Engineer,Internal / External Customer,Guidance to end use to raise tickets in tools,100% Adherenace to guidelines,10.00,Sourced from IT / Cloud Operations Engineer
Cloud,Cloud Engineer,Internal / External Customer,Process Optimization,100% Adherenace to guidelines,10.00,Sourced from IT / Cloud Operations Engineer
Cloud,Cloud Engineer,Internal / External Customer,"Communication, Collaboration and Coordination",,10.00,Sourced from IT / Cloud Operations Engineer
Cloud,Cloud Engineer,People,Training & skill development,40 hours of training in a year arranged by MGS,10.00,Sourced from IT / Cloud Operations Engineer
Cloud,Cloud Engineer,People,Interpersonal skills,No Major Escalation for behavioral issues,10.00,Sourced from IT / Cloud Operations Engineer
Cloud,Cloud Engineer,People,Knowledge Management & Documentation,,10.00,Sourced from IT / Cloud Operations Engineer
Cloud,Manager,Financial,Optimize IT and security infrastructure costs while enhancing risk management,1.1 Maintain budgeted IT infrastructure and security costs | Source: Budget Review,9.00,"RBI Compliances, New customer expecations, Increase in agreed SoW, Audit observations; File says ""Development team"" but content is IT and security infrastructure; Sourced from IT / Manager - IT & Security"
Cloud,Manager,Project / Process,Streamline IT & Security operations with focus on automation,"2.1 Reduce high-severity security incidents by 20% | Source: ITSM Tools dahsboards, Customer Reviews",14.00,"Not considering false positives; File says ""Development team"" but content is IT and security infrastructure; Sourced from IT / Manager - IT & Security"
Cloud,Manager,Project / Process,Decrease average incident mitigations time by 10%,"Data source: ITSM Tools dahsboards, Customer Reviews",13.00,"Third party dependency, OEM Dependecies; File says ""Development team"" but content is IT and security infrastructure; Sourced from IT / Manager - IT & Security"
Cloud,Manager,Project / Process,Achieve 100% compliance with RBI and NPCI security guidelines within reasonable time,"Data source: Internal and External Audits, Comments & feedback by customer top management",9.00,"Out Scope items, Accepted risks & business justifications, Risk Justifications; File says ""Development team"" but content is IT and security infrastructure; Sourced from IT / Manager - IT & Security"
Cloud,Manager,Project / Process,Implement predictive maintenance to reduce unplanned downtime due to capacity issues,Data source: Incidents dashboards and root causes,9.00,"Application and other integration not directly with cloud / IT team, Third party depencies, OEM dependencies; File says ""Development team"" but content is IT and security infrastructure; Sourced from IT / Manager - IT & Security"
Cloud,Manager,Project / Process,Streamline IT Infrastructure,2.1 Reduce Infra incidents by 20%,10.00,Single stray row in an untitled tab; Sourced from IT / Manager - IT & Security
Cloud,Manager,Internal / External Customer,Enhance external customer trust through robust measures and communication,3.1 Achieve 70% satisfaction rate in IT services survey & Audits | Source: Surveys and Feedback,9.00,"Biases ( Recency bias, brand impacts, unrelated projections); File says ""Development team"" but content is IT and security infrastructure; Sourced from IT / Manager - IT & Security"
Cloud,Manager,Internal / External Customer,Reduce customer-reported security concerns within a reasonable time by 25%,"Data source: Surveys and Feedback, Security Reports by Clients",9.00,"Out Scope items, Accepted risks & business justifications, Risk Justifications, Application closures issues, OEM & Third party dependency; File says ""Development team"" but content is IT and security infrastructure; Sourced from IT / Manager - IT & Security"
Cloud,Manager,People,Voluntary Attrition Control & Employer-Emplopyee satisfaction,4.1 Less than equal to organization target of 15% | Source: HRMS,9.00,"Attributing to brand & salary, dissatisfaction on appraisals, Work Pressure; File says ""Development team"" but content is IT and security infrastructure; Sourced from IT / Manager - IT & Security"
Cloud,Manager,People,All critical resources to complete emerging threat / technology trainings,Data source: Training Records,9.00,"Non-Sponsored trainings can impact relevancy; File says ""Development team"" but content is IT and security infrastructure; Sourced from IT / Manager - IT & Security"
Cloud,Network Security Engineer,Internal / External Customer,External Client Network Connectivity CSAT,"• Achieve External Client CSAT Score >= 8.8/10 on network stability, VPN access, and low latency. • Resolve client site-to-site VPN and connectivity tickets within defined SLA turnaround times.",15.00,Sourced from INFRA / Network Security Engineer
Cloud,Network Security Engineer,Internal / External Customer,Internal Engineering & Security Team CSAT,"• Achieve Internal CSAT Score >= 8.8/10 from Application, Infrastructure & Security teams. • Provision network subnets, VLANs, and firewall access requests within 4 hours SLA.",15.00,Sourced from INFRA / Network Security Engineer
Cloud,Network Security Engineer,Network Uptime,Core Network & Security Appliance Availability,"• Maintain 99.99% uptime across firewalls, switches, routers, VPN gateways, and load balancers. • Ensure zero unapproved network outages or routing loops across data center backbones.",15.00,Sourced from INFRA / Network Security Engineer
Cloud,Network Security Engineer,Network Security,"Firewall Policy Management, DMZ Hardening & Intrusion Prevention","• Manage firewall rules (Cisco/Fortinet/Palo Alto), IPS/IDS definitions, and VPN tunnels. • Conduct regular rulebase audits to eliminate redundant or risky network access rules.",15.00,Sourced from INFRA / Network Security Engineer
Cloud,Network Security Engineer,Vulnerability & Audit,"Network Security Audit, SIEM Log Analysis & Threat Mitigation","• Monitor SIEM logs and network traffic anomalies 24x7; mitigate security threats swiftly. • Ensure 100% compliance with network security audits, vulnerability scans, and penetration tests.",10.00,Sourced from INFRA / Network Security Engineer
Cloud,Network Security Engineer,Bandwidth & Qos,"Bandwidth Management, Traffic Shaping & QoS Optimization","• Monitor ISP link utilization, WAN latency, and configure Quality of Service (QoS) policies. • Prevent network congestion bottlenecks during peak transactional volume hours.",10.00,Sourced from INFRA / Network Security Engineer
Cloud,Network Security Engineer,Dr & Failover,"Network Failover Validation, Redundancy & SOPs","• Ensure 100% failover capability across redundant ISP links and secondary firewall pairs. • Author updated network topology diagrams, IP schema sheets, and disaster recovery SOPs.",10.00,Sourced from INFRA / Network Security Engineer
Cloud,Network Security Engineer,Incident Response,"Network Incident Resolution, RCA & Certification","• Resolve network outages, packet loss, and VPN drop incidents within SLA bounds. • Publish RCAs for major network incidents and achieve advanced network/security certifications.",10.00,Sourced from INFRA / Network Security Engineer
Cloud,Senior Cloud Engineer,Project / Process,Logging and tracking support requests through ticketing systems to ensure timely resolution.,95% tickets should be closed based on SLA,10.00,Sourced from IT / Cloud Operations Engineer
Cloud,Senior Cloud Engineer,Project / Process,"Proactive maintenance Of systems, networks and devices and maintain uptime",100% of system should be copmplaint with latest security updates,10.00,Sourced from IT / Cloud Operations Engineer
Cloud,Senior Cloud Engineer,Project / Process,Inventory of systems and Standardization,100% Accurate and updated records shared on weekly basis,10.00,Sourced from IT / Cloud Operations Engineer
Cloud,Senior Cloud Engineer,Project / Process,DR & Patch Management,100% of system should be copmplaint with latest security updates,10.00,Sourced from IT / Cloud Operations Engineer
Cloud,Senior Cloud Engineer,Internal / External Customer,Guidance to end use to raise tickets in tools,100% Adherenace to guidelines,10.00,Sourced from IT / Cloud Operations Engineer
Cloud,Senior Cloud Engineer,Internal / External Customer,Process Optimization,100% Adherenace to guidelines,10.00,Sourced from IT / Cloud Operations Engineer
Cloud,Senior Cloud Engineer,Internal / External Customer,"Communication, Collaboration and Coordination",,10.00,Sourced from IT / Cloud Operations Engineer
Cloud,Senior Cloud Engineer,People,Training & skill development,40 hours of training in a year arranged by MGS,10.00,Sourced from IT / Cloud Operations Engineer
Cloud,Senior Cloud Engineer,People,Interpersonal skills,No Major Escalation for behavioral issues,10.00,Sourced from IT / Cloud Operations Engineer
Cloud,Senior Cloud Engineer,People,Knowledge Management & Documentation,,10.00,Sourced from IT / Cloud Operations Engineer
Cloud,Senior Network Security Engineer,Internal / External Customer,External Client Network Connectivity CSAT,"• Achieve External Client CSAT Score >= 8.8/10 on network stability, VPN access, and low latency. • Resolve client site-to-site VPN and connectivity tickets within defined SLA turnaround times.",15.00,Sourced from INFRA / Network Security Engineer
Cloud,Senior Network Security Engineer,Internal / External Customer,Internal Engineering & Security Team CSAT,"• Achieve Internal CSAT Score >= 8.8/10 from Application, Infrastructure & Security teams. • Provision network subnets, VLANs, and firewall access requests within 4 hours SLA.",15.00,Sourced from INFRA / Network Security Engineer
Cloud,Senior Network Security Engineer,Network Uptime,Core Network & Security Appliance Availability,"• Maintain 99.99% uptime across firewalls, switches, routers, VPN gateways, and load balancers. • Ensure zero unapproved network outages or routing loops across data center backbones.",15.00,Sourced from INFRA / Network Security Engineer
Cloud,Senior Network Security Engineer,Network Security,"Firewall Policy Management, DMZ Hardening & Intrusion Prevention","• Manage firewall rules (Cisco/Fortinet/Palo Alto), IPS/IDS definitions, and VPN tunnels. • Conduct regular rulebase audits to eliminate redundant or risky network access rules.",15.00,Sourced from INFRA / Network Security Engineer
Cloud,Senior Network Security Engineer,Vulnerability & Audit,"Network Security Audit, SIEM Log Analysis & Threat Mitigation","• Monitor SIEM logs and network traffic anomalies 24x7; mitigate security threats swiftly. • Ensure 100% compliance with network security audits, vulnerability scans, and penetration tests.",10.00,Sourced from INFRA / Network Security Engineer
Cloud,Senior Network Security Engineer,Bandwidth & Qos,"Bandwidth Management, Traffic Shaping & QoS Optimization","• Monitor ISP link utilization, WAN latency, and configure Quality of Service (QoS) policies. • Prevent network congestion bottlenecks during peak transactional volume hours.",10.00,Sourced from INFRA / Network Security Engineer
Cloud,Senior Network Security Engineer,Dr & Failover,"Network Failover Validation, Redundancy & SOPs","• Ensure 100% failover capability across redundant ISP links and secondary firewall pairs. • Author updated network topology diagrams, IP schema sheets, and disaster recovery SOPs.",10.00,Sourced from INFRA / Network Security Engineer
Cloud,Senior Network Security Engineer,Incident Response,"Network Incident Resolution, RCA & Certification","• Resolve network outages, packet loss, and VPN drop incidents within SLA bounds. • Publish RCAs for major network incidents and achieve advanced network/security certifications.",10.00,Sourced from INFRA / Network Security Engineer
Core Banking Application,Electronic Banking Support Executive,Financial,Prevent CBS Database Outages & Revenue Loss,Maintain 99.99% database availability for production core banking systems,25.00,Sourced from Core Banking Application / Database Support Executive
Core Banking Application,Electronic Banking Support Executive,Financial,DB Backup Storage Optimization,Optimize database backup compression and storage retention policies,15.00,Sourced from Core Banking Application / Database Support Executive
Core Banking Application,Electronic Banking Support Executive,Project / Process,"CBS DB Health Checks, Backups & Maintenance","100% daily DB health checks, tablespace monitoring, and automated backup log verification",25.00,Sourced from Core Banking Application / Database Support Executive
Core Banking Application,Electronic Banking Support Executive,Project / Process,EOD Batch DB Support & SLA Incident Resolution,Resolve database performance bottlenecks during EOD processing within SLA (Sev-1 < 1 hr),15.00,Sourced from Core Banking Application / Database Support Executive
Core Banking Application,Electronic Banking Support Executive,Internal / External Customer,Support to Bank DBA & Internal Application Teams,Acknowledge DB tickets within 15 mins; resolve internal requests < 2 hrs SLA,10.00,Sourced from Core Banking Application / Database Support Executive
Core Banking Application,Electronic Banking Support Executive,People,DB Runbook Documentation & Skill Growth,Maintain updated DB runbooks; complete 40 hours relevant database administration training,10.00,Sourced from Core Banking Application / Database Support Executive
Core Banking Application,Executive,People,Team Collaboration & Learning,Participate in team meetings; complete 40 hours professional training annually,10.00,
Core Banking Application,Executive,Financial,Operational Execution within Estimated Effort,Complete 95%+ assigned operational tasks without budget/time overrun,25.00,
Core Banking Application,Executive,Financial,Data Accuracy in Banking Operations,100% accuracy in core banking operational data entry and report generation,15.00,
Core Banking Application,Executive,Project / Process,Daily CBS Operational Checklist & Workflow SLA,100% on-time execution of daily core banking process checklists and log updates,25.00,
Core Banking Application,Executive,Project / Process,Process Quality & Error Reduction,Operational error rate < 1% across all assigned core banking deliverables,15.00,
Core Banking Application,Executive,Internal / External Customer,Internal Stakeholder & Bank Support SLA,Acknowledge and respond to internal queries within 24 hours SLA,10.00,
Core Banking Application,Functional Analyst,Financial,Requirement Estimation & Scope Variance Control,Deliver clear functional spec ensuring requirement gap causing CR cost variance < 5%,20.00,Sourced from Functional / Delivery / Product / Business Analyst; Sourced from Functional / Business Analyst
Core Banking Application,Functional Analyst,Financial,Cost-Effective Feature Specification,Zero budget overrun resulting from requirement ambiguity or missed business logic,15.00,Sourced from Functional / Delivery / Product / Business Analyst; Sourced from Functional / Business Analyst
Core Banking Application,Functional Analyst,Project / Process,BRD / FSD Creation & Use Case Mapping,100% FSD sign-off by client/product owner before development initiation,25.00,Sourced from Functional / Delivery / Product / Business Analyst; Sourced from Functional / Business Analyst
Core Banking Application,Functional Analyst,Project / Process,UAT Support & Functional Verification,Support UAT execution with zero critical requirement gaps identified during UAT phase,20.00,Sourced from Functional / Delivery / Product / Business Analyst; Sourced from Functional / Business Analyst
Core Banking Application,Functional Analyst,Internal / External Customer,Requirement Walkthroughs & Stakeholder Query SLA,Respond to requirement clarification queries from dev/QA team within 24 hours SLA,10.00,Sourced from Functional / Delivery / Product / Business Analyst; Sourced from Functional / Business Analyst
Core Banking Application,Functional Analyst,People,Domain Upskilling & Continuous Learning,Complete domain & product training; 40 hours of professional development annually,10.00,Sourced from Functional / Delivery / Product / Business Analyst; Sourced from Functional / Business Analyst
Customer Support,Executive,Financial,Retention of client accounts through prompt issue resolution,Zero client churn due to support escalation failures,10.00,Sourced from Development / Customer Support Executive
Customer Support,Executive,Financial,Adherence to operational support budget,Maintain support operations within allocated ticket budget hours,10.00,Sourced from Development / Customer Support Executive
Customer Support,Executive,Project / Process,Helpdesk ticketing management & SLA compliance,98%+ ticket resolution adherence within predefined SLA windows,25.00,Sourced from Development / Customer Support Executive
Customer Support,Executive,Project / Process,First Contact Resolution (FCR) rate,Achieve First Contact Resolution rate >= 75% for support incidents,20.00,Sourced from Development / Customer Support Executive
Customer Support,Executive,Project / Process,Incident logging & escalation tracking in Zoho Desk,100% incident logging with accurate categorisation and escalation details,15.00,Sourced from Development / Customer Support Executive
Customer Support,Executive,Internal / External Customer,Customer Satisfaction (CSAT) score,Maintain customer satisfaction rating >= 90% on resolved tickets,15.00,Sourced from Development / Customer Support Executive
Customer Support,Executive,People,Customer service & product knowledge training,Complete product training modules & 40 hrs skill development annually,5.00,Sourced from Development / Customer Support Executive
Cyber Security,Assistant Vice President,Project / Process,"Adherenace to external guidelines for sub processes application, Infra & SOC",complete implementations in a time bound manner with 99% accuracy | Source: 20,4.21,"Application, Infra & SOC; Sourced from Cyber Security / Senior Manager - Cyber Security"
Cyber Security,Assistant Vice President,Project / Process,Consume allocated budgets on time,,4.12,Sourced from Cyber Security / Senior Manager - Cyber Security
Cyber Security,Assistant Vice President,Project / Process,"Adherenace to internal guidelines for process changes, improvements, innovation & Business objective",complete implementations in a time bound manner with 99% accuracy,4.12,Sourced from Cyber Security / Senior Manager - Cyber Security
Cyber Security,Assistant Vice President,Project / Process,Documentation,"For Relevant major activities, reports, Tickets, Dashboard should be made readily available without delay or omission to senior management for stretatgic review",4.12,Sourced from Cyber Security / Senior Manager - Cyber Security
Cyber Security,Assistant Vice President,Project / Process,Risk Management & Governance,All Applicable risk identification and risk treatment should happen periodically in time bound manner | Source: 20,4.12,Sourced from Cyber Security / Senior Manager - Cyber Security
Cyber Security,Assistant Vice President,Project / Process,Risk identification should happen internally. 90%of nre risks identified should be from internal team rather than external auditors or risk,,4.12,Sourced from Cyber Security / Senior Manager - Cyber Security
Cyber Security,Assistant Vice President,Project / Process,Risk treatment of high impact risk should not miss any SLAs ( 100 %),,4.12,Sourced from Cyber Security / Senior Manager - Cyber Security
Cyber Security,Assistant Vice President,Project / Process,Incident Response & Resilience,"100% ahereance to Defined timelines for detection, response and mitigation | Source: 10",4.12,Sourced from Cyber Security / Senior Manager - Cyber Security
Cyber Security,Assistant Vice President,Project / Process,SOC usecases to be increased to fit security postures,,4.12,Sourced from Cyber Security / Senior Manager - Cyber Security
Cyber Security,Assistant Vice President,Project / Process,SIEM technical and process improvements for optimization,,4.12,Sourced from Cyber Security / Senior Manager - Cyber Security
Cyber Security,Assistant Vice President,Project / Process,24*7 Support to be spotless with overall coverage,,3.09,Sourced from Cyber Security / Senior Manager - Cyber Security
Cyber Security,Assistant Vice President,Project / Process,All assets to be monitored and covered,,3.09,Sourced from Cyber Security / Senior Manager - Cyber Security
Cyber Security,Assistant Vice President,Project / Process,Security optimization,Decrease TAT for security assessments and reports | Source: 10,3.09,Sourced from Cyber Security / Senior Manager - Cyber Security
Cyber Security,Assistant Vice President,Project / Process,Support and review new changes especially for CCB and Infra,,3.09,Sourced from Cyber Security / Senior Manager - Cyber Security
Cyber Security,Assistant Vice President,Project / Process,Use of automation tools and scripts to improve overall efficiencies,,3.09,Sourced from Cyber Security / Senior Manager - Cyber Security
Cyber Security,Assistant Vice President,Project / Process,Support in cert-in audits. Time and quality to be monitored for less TAT,,3.09,Sourced from Cyber Security / Senior Manager - Cyber Security
Cyber Security,Assistant Vice President,Project / Process,Application Security & Infra,All products to e risk free in a calendar activity,3.09,Sourced from Cyber Security / Senior Manager - Cyber Security
Cyber Security,Assistant Vice President,Project / Process,Changes in implementation for banks to be reviewed with consistencies. Target 100% reviews in tandem with CCB,,3.09,Sourced from Cyber Security / Senior Manager - Cyber Security
Cyber Security,Assistant Vice President,Project / Process,"Reports to have Scope, details, peer reviews, detailed POCs etc as discussed from time to time",,3.09,Sourced from Cyber Security / Senior Manager - Cyber Security
Cyber Security,Assistant Vice President,Project / Process,Manage security Admin tasks on tools,,3.09,Sourced from Cyber Security / Senior Manager - Cyber Security
Cyber Security,Assistant Vice President,Project / Process,Support in internal and external audit with Major non compliances,,3.09,Sourced from Cyber Security / Senior Manager - Cyber Security
Cyber Security,Assistant Vice President,Internal / External Customer,Review of dashboard,Weekly review of dashboard | Source: 5,3.09,Sourced from Cyber Security / Senior Manager - Cyber Security
Cyber Security,Assistant Vice President,Internal / External Customer,Quaterly Departmental review,On time and detailed | Source: 5,3.09,Sourced from Cyber Security / Senior Manager - Cyber Security
Cyber Security,Assistant Vice President,Internal / External Customer,Escalations,NO escalations from customers. All internal escalations to be closed on time or be accepted by stakeholders as infeasible | Source: 5,3.09,Sourced from Cyber Security / Senior Manager - Cyber Security
Cyber Security,Assistant Vice President,Internal / External Customer,CSAT,2025-10-08 00:00:00,3.09,Sourced from Cyber Security / Senior Manager - Cyber Security
Cyber Security,Assistant Vice President,Internal / External Customer,Sentiment Analysis,"Customers - Should say overall ""Competent"" and ""Professional"" Team - Should say "" Supportive"" , "" Competent""",3.09,Sourced from Cyber Security / Senior Manager - Cyber Security
Cyber Security,Assistant Vice President,People,Team Leadership & Development,less than 15% attrition in department | Source: 5,3.09,Sourced from Cyber Security / Senior Manager - Cyber Security
Cyber Security,Assistant Vice President,People,Training & skill development,40 hours of training in a year arranged by MGS | Source: 5,3.09,Sourced from Cyber Security / Senior Manager - Cyber Security
Cyber Security,Assistant Vice President,People,Interpersonal skills,No Major Escalation for behavioral issues | Source: 5,3.09,Sourced from Cyber Security / Senior Manager - Cyber Security
Cyber Security,Business Analyst,Internal / External Customer,Guidance to end use to raise tickets in tools,100% Adherenace to guidelines,10.00,Sourced from Cyber Security / GRC Analyst
Cyber Security,Business Analyst,Internal / External Customer,C-SaT,08by 10,10.00,Sourced from Cyber Security / GRC Analyst
Cyber Security,Business Analyst,People,Training & skill development,40 hours of training in a year arranged by MGS,10.00,Sourced from Cyber Security / GRC Analyst
Cyber Security,Business Analyst,People,Interpersonal skills,No Major Escalation for behavioral issues,10.00,Sourced from Cyber Security / GRC Analyst
Cyber Security,Business Analyst,Financial,Implementation of Regulatory guidelines,100% ahereance to guidelines,10.00,Sourced from Cyber Security / GRC Analyst
Cyber Security,Business Analyst,Financial,Renewal of certificate,"annually renewal of certifcation (ISO 27001, ISO 2230 & PCIDSS)",10.00,Sourced from Cyber Security / GRC Analyst
Cyber Security,Business Analyst,Project / Process,Internal Audit,Audit clauser with Minor NC and collabration with respective department for the same,10.00,Sourced from Cyber Security / GRC Analyst
Cyber Security,Business Analyst,Project / Process,3rd party Vendor Audit,100% ahereance to guidelines,10.00,Sourced from Cyber Security / GRC Analyst
Cyber Security,Business Analyst,Project / Process,Client Audit,100% ahereance to guidelines,10.00,Sourced from Cyber Security / GRC Analyst
Cyber Security,Business Analyst,Internal / External Customer,Process Optimization & Updation to regulatlory guidelines,100% Adherenace to guidelines,10.00,Sourced from Cyber Security / GRC Analyst
Cyber Security,Manager,Project / Process,"Adherenace to external guidelines for sub processes application, Infra & SOC",complete implementations in a time bound manner with 99% accuracy | Source: 20,4.21,"Application, Infra & SOC; Sourced from Cyber Security / Senior Manager - Cyber Security"
Cyber Security,Manager,Project / Process,Consume allocated budgets on time,,4.12,Sourced from Cyber Security / Senior Manager - Cyber Security
Cyber Security,Manager,Project / Process,"Adherenace to internal guidelines for process changes, improvements, innovation & Business objective",complete implementations in a time bound manner with 99% accuracy,4.12,Sourced from Cyber Security / Senior Manager - Cyber Security
Cyber Security,Manager,Project / Process,Documentation,"For Relevant major activities, reports, Tickets, Dashboard should be made readily available without delay or omission to senior management for stretatgic review",4.12,Sourced from Cyber Security / Senior Manager - Cyber Security
Cyber Security,Manager,Project / Process,Risk Management & Governance,All Applicable risk identification and risk treatment should happen periodically in time bound manner | Source: 20,4.12,Sourced from Cyber Security / Senior Manager - Cyber Security
Cyber Security,Manager,Project / Process,Risk identification should happen internally. 90%of nre risks identified should be from internal team rather than external auditors or risk,,4.12,Sourced from Cyber Security / Senior Manager - Cyber Security
Cyber Security,Manager,Project / Process,Risk treatment of high impact risk should not miss any SLAs ( 100 %),,4.12,Sourced from Cyber Security / Senior Manager - Cyber Security
Cyber Security,Manager,Project / Process,Incident Response & Resilience,"100% ahereance to Defined timelines for detection, response and mitigation | Source: 10",4.12,Sourced from Cyber Security / Senior Manager - Cyber Security
Cyber Security,Manager,Project / Process,SOC usecases to be increased to fit security postures,,4.12,Sourced from Cyber Security / Senior Manager - Cyber Security
Cyber Security,Manager,Project / Process,SIEM technical and process improvements for optimization,,4.12,Sourced from Cyber Security / Senior Manager - Cyber Security
Cyber Security,Manager,Project / Process,24*7 Support to be spotless with overall coverage,,3.09,Sourced from Cyber Security / Senior Manager - Cyber Security
Cyber Security,Manager,Project / Process,All assets to be monitored and covered,,3.09,Sourced from Cyber Security / Senior Manager - Cyber Security
Cyber Security,Manager,Project / Process,Security optimization,Decrease TAT for security assessments and reports | Source: 10,3.09,Sourced from Cyber Security / Senior Manager - Cyber Security
Cyber Security,Manager,Project / Process,Support and review new changes especially for CCB and Infra,,3.09,Sourced from Cyber Security / Senior Manager - Cyber Security
Cyber Security,Manager,Project / Process,Use of automation tools and scripts to improve overall efficiencies,,3.09,Sourced from Cyber Security / Senior Manager - Cyber Security
Cyber Security,Manager,Project / Process,Support in cert-in audits. Time and quality to be monitored for less TAT,,3.09,Sourced from Cyber Security / Senior Manager - Cyber Security
Cyber Security,Manager,Project / Process,Application Security & Infra,All products to e risk free in a calendar activity,3.09,Sourced from Cyber Security / Senior Manager - Cyber Security
Cyber Security,Manager,Project / Process,Changes in implementation for banks to be reviewed with consistencies. Target 100% reviews in tandem with CCB,,3.09,Sourced from Cyber Security / Senior Manager - Cyber Security
Cyber Security,Manager,Project / Process,"Reports to have Scope, details, peer reviews, detailed POCs etc as discussed from time to time",,3.09,Sourced from Cyber Security / Senior Manager - Cyber Security
Cyber Security,Manager,Project / Process,Manage security Admin tasks on tools,,3.09,Sourced from Cyber Security / Senior Manager - Cyber Security
Cyber Security,Manager,Project / Process,Support in internal and external audit with Major non compliances,,3.09,Sourced from Cyber Security / Senior Manager - Cyber Security
Cyber Security,Manager,Internal / External Customer,Review of dashboard,Weekly review of dashboard | Source: 5,3.09,Sourced from Cyber Security / Senior Manager - Cyber Security
Cyber Security,Manager,Internal / External Customer,Quaterly Departmental review,On time and detailed | Source: 5,3.09,Sourced from Cyber Security / Senior Manager - Cyber Security
Cyber Security,Manager,Internal / External Customer,Escalations,NO escalations from customers. All internal escalations to be closed on time or be accepted by stakeholders as infeasible | Source: 5,3.09,Sourced from Cyber Security / Senior Manager - Cyber Security
Cyber Security,Manager,Internal / External Customer,CSAT,2025-10-08 00:00:00,3.09,Sourced from Cyber Security / Senior Manager - Cyber Security
Cyber Security,Manager,Internal / External Customer,Sentiment Analysis,"Customers - Should say overall ""Competent"" and ""Professional"" Team - Should say "" Supportive"" , "" Competent""",3.09,Sourced from Cyber Security / Senior Manager - Cyber Security
Cyber Security,Manager,People,Team Leadership & Development,less than 15% attrition in department | Source: 5,3.09,Sourced from Cyber Security / Senior Manager - Cyber Security
Cyber Security,Manager,People,Training & skill development,40 hours of training in a year arranged by MGS | Source: 5,3.09,Sourced from Cyber Security / Senior Manager - Cyber Security
Cyber Security,Manager,People,Interpersonal skills,No Major Escalation for behavioral issues | Source: 5,3.09,Sourced from Cyber Security / Senior Manager - Cyber Security
Cyber Security,Security Analyst,Financial,Rapid and Comprehensive Incident Response & Mitigation,100% timeline to be followed as per SLA,13.00,Sourced from Cyber Security / SOC Analyst
Cyber Security,Security Analyst,Project / Process,Security tool optimization,100% Analysis of triggered events,13.00,Sourced from Cyber Security / SOC Analyst
Cyber Security,Security Analyst,Project / Process,Exit Compliance,100% Adherence to guidelines,13.00,Sourced from Cyber Security / SOC Analyst
Cyber Security,Security Analyst,Project / Process,cyber security Monitoring & Surveliance,100% Adherence to guidelines,13.00,Sourced from Cyber Security / SOC Analyst
Cyber Security,Security Analyst,Project / Process,DashBoard Maintanance,Daily Update of Dashaboard,12.00,Sourced from Cyber Security / SOC Analyst
Cyber Security,Security Analyst,Internal / External Customer,C-SAT,8 by 10,12.00,Sourced from Cyber Security / SOC Analyst
Cyber Security,Security Analyst,People,Training & skill development,40 hours of training in a year arranged by MGS,12.00,Sourced from Cyber Security / SOC Analyst
Cyber Security,Security Analyst,People,Interpersonal skills,No Major Escalation for behavioral issues,12.00,Sourced from Cyber Security / SOC Analyst
Cyber Security,Senior Manager,Project / Process,"Adherenace to external guidelines for sub processes application, Infra & SOC",complete implementations in a time bound manner with 99% accuracy | Source: 20,4.21,"Application, Infra & SOC; Sourced from Cyber Security / Senior Manager - Cyber Security"
Cyber Security,Senior Manager,Project / Process,Consume allocated budgets on time,,4.12,Sourced from Cyber Security / Senior Manager - Cyber Security
Cyber Security,Senior Manager,Project / Process,"Adherenace to internal guidelines for process changes, improvements, innovation & Business objective",complete implementations in a time bound manner with 99% accuracy,4.12,Sourced from Cyber Security / Senior Manager - Cyber Security
Cyber Security,Senior Manager,Project / Process,Documentation,"For Relevant major activities, reports, Tickets, Dashboard should be made readily available without delay or omission to senior management for stretatgic review",4.12,Sourced from Cyber Security / Senior Manager - Cyber Security
Cyber Security,Senior Manager,Project / Process,Risk Management & Governance,All Applicable risk identification and risk treatment should happen periodically in time bound manner | Source: 20,4.12,Sourced from Cyber Security / Senior Manager - Cyber Security
Cyber Security,Senior Manager,Project / Process,Risk identification should happen internally. 90%of nre risks identified should be from internal team rather than external auditors or risk,,4.12,Sourced from Cyber Security / Senior Manager - Cyber Security
Cyber Security,Senior Manager,Project / Process,Risk treatment of high impact risk should not miss any SLAs ( 100 %),,4.12,Sourced from Cyber Security / Senior Manager - Cyber Security
Cyber Security,Senior Manager,Project / Process,Incident Response & Resilience,"100% ahereance to Defined timelines for detection, response and mitigation | Source: 10",4.12,Sourced from Cyber Security / Senior Manager - Cyber Security
Cyber Security,Senior Manager,Project / Process,SOC usecases to be increased to fit security postures,,4.12,Sourced from Cyber Security / Senior Manager - Cyber Security
Cyber Security,Senior Manager,Project / Process,SIEM technical and process improvements for optimization,,4.12,Sourced from Cyber Security / Senior Manager - Cyber Security
Cyber Security,Senior Manager,Project / Process,24*7 Support to be spotless with overall coverage,,3.09,Sourced from Cyber Security / Senior Manager - Cyber Security
Cyber Security,Senior Manager,Project / Process,All assets to be monitored and covered,,3.09,Sourced from Cyber Security / Senior Manager - Cyber Security
Cyber Security,Senior Manager,Project / Process,Security optimization,Decrease TAT for security assessments and reports | Source: 10,3.09,Sourced from Cyber Security / Senior Manager - Cyber Security
Cyber Security,Senior Manager,Project / Process,Support and review new changes especially for CCB and Infra,,3.09,Sourced from Cyber Security / Senior Manager - Cyber Security
Cyber Security,Senior Manager,Project / Process,Use of automation tools and scripts to improve overall efficiencies,,3.09,Sourced from Cyber Security / Senior Manager - Cyber Security
Cyber Security,Senior Manager,Project / Process,Support in cert-in audits. Time and quality to be monitored for less TAT,,3.09,Sourced from Cyber Security / Senior Manager - Cyber Security
Cyber Security,Senior Manager,Project / Process,Application Security & Infra,All products to e risk free in a calendar activity,3.09,Sourced from Cyber Security / Senior Manager - Cyber Security
Cyber Security,Senior Manager,Project / Process,Changes in implementation for banks to be reviewed with consistencies. Target 100% reviews in tandem with CCB,,3.09,Sourced from Cyber Security / Senior Manager - Cyber Security
Cyber Security,Senior Manager,Project / Process,"Reports to have Scope, details, peer reviews, detailed POCs etc as discussed from time to time",,3.09,Sourced from Cyber Security / Senior Manager - Cyber Security
Cyber Security,Senior Manager,Project / Process,Manage security Admin tasks on tools,,3.09,Sourced from Cyber Security / Senior Manager - Cyber Security
Cyber Security,Senior Manager,Project / Process,Support in internal and external audit with Major non compliances,,3.09,Sourced from Cyber Security / Senior Manager - Cyber Security
Cyber Security,Senior Manager,Internal / External Customer,Review of dashboard,Weekly review of dashboard | Source: 5,3.09,Sourced from Cyber Security / Senior Manager - Cyber Security
Cyber Security,Senior Manager,Internal / External Customer,Quaterly Departmental review,On time and detailed | Source: 5,3.09,Sourced from Cyber Security / Senior Manager - Cyber Security
Cyber Security,Senior Manager,Internal / External Customer,Escalations,NO escalations from customers. All internal escalations to be closed on time or be accepted by stakeholders as infeasible | Source: 5,3.09,Sourced from Cyber Security / Senior Manager - Cyber Security
Cyber Security,Senior Manager,Internal / External Customer,CSAT,2025-10-08 00:00:00,3.09,Sourced from Cyber Security / Senior Manager - Cyber Security
Cyber Security,Senior Manager,Internal / External Customer,Sentiment Analysis,"Customers - Should say overall ""Competent"" and ""Professional"" Team - Should say "" Supportive"" , "" Competent""",3.09,Sourced from Cyber Security / Senior Manager - Cyber Security
Cyber Security,Senior Manager,People,Team Leadership & Development,less than 15% attrition in department | Source: 5,3.09,Sourced from Cyber Security / Senior Manager - Cyber Security
Cyber Security,Senior Manager,People,Training & skill development,40 hours of training in a year arranged by MGS | Source: 5,3.09,Sourced from Cyber Security / Senior Manager - Cyber Security
Cyber Security,Senior Manager,People,Interpersonal skills,No Major Escalation for behavioral issues | Source: 5,3.09,Sourced from Cyber Security / Senior Manager - Cyber Security
Cyber Security,Senior SOC Analyst,Financial,Rapid and Comprehensive Incident Response & Mitigation,100% timeline to be followed as per SLA,13.00,Sourced from Cyber Security / SOC Analyst
Cyber Security,Senior SOC Analyst,Project / Process,Security tool optimization,100% Analysis of triggered events,13.00,Sourced from Cyber Security / SOC Analyst
Cyber Security,Senior SOC Analyst,Project / Process,Exit Compliance,100% Adherence to guidelines,13.00,Sourced from Cyber Security / SOC Analyst
Cyber Security,Senior SOC Analyst,Project / Process,cyber security Monitoring & Surveliance,100% Adherence to guidelines,13.00,Sourced from Cyber Security / SOC Analyst
Cyber Security,Senior SOC Analyst,Project / Process,DashBoard Maintanance,Daily Update of Dashaboard,12.00,Sourced from Cyber Security / SOC Analyst
Cyber Security,Senior SOC Analyst,Internal / External Customer,C-SAT,8 by 10,12.00,Sourced from Cyber Security / SOC Analyst
Cyber Security,Senior SOC Analyst,People,Training & skill development,40 hours of training in a year arranged by MGS,12.00,Sourced from Cyber Security / SOC Analyst
Cyber Security,Senior SOC Analyst,People,Interpersonal skills,No Major Escalation for behavioral issues,12.00,Sourced from Cyber Security / SOC Analyst
Cyber Security,Senior Security Analyst,Financial,Rapid and Comprehensive Incident Response & Mitigation,100% timeline to be followed as per SLA,13.00,Sourced from Cyber Security / SOC Analyst
Cyber Security,Senior Security Analyst,Project / Process,Security tool optimization,100% Analysis of triggered events,13.00,Sourced from Cyber Security / SOC Analyst
Cyber Security,Senior Security Analyst,Project / Process,Exit Compliance,100% Adherence to guidelines,13.00,Sourced from Cyber Security / SOC Analyst
Cyber Security,Senior Security Analyst,Project / Process,cyber security Monitoring & Surveliance,100% Adherence to guidelines,13.00,Sourced from Cyber Security / SOC Analyst
Cyber Security,Senior Security Analyst,Project / Process,DashBoard Maintanance,Daily Update of Dashaboard,12.00,Sourced from Cyber Security / SOC Analyst
Cyber Security,Senior Security Analyst,Internal / External Customer,C-SAT,8 by 10,12.00,Sourced from Cyber Security / SOC Analyst
Cyber Security,Senior Security Analyst,People,Training & skill development,40 hours of training in a year arranged by MGS,12.00,Sourced from Cyber Security / SOC Analyst
Cyber Security,Senior Security Analyst,People,Interpersonal skills,No Major Escalation for behavioral issues,12.00,Sourced from Cyber Security / SOC Analyst
Cyber Security,Trainee,Financial,Rapid and Comprehensive Incident Response & Mitigation,100% timeline to be followed as per SLA,13.00,Sourced from Cyber Security / SOC Analyst
Cyber Security,Trainee,Project / Process,Security tool optimization,100% Analysis of triggered events,13.00,Sourced from Cyber Security / SOC Analyst
Cyber Security,Trainee,Project / Process,Exit Compliance,100% Adherence to guidelines,13.00,Sourced from Cyber Security / SOC Analyst
Cyber Security,Trainee,Project / Process,cyber security Monitoring & Surveliance,100% Adherence to guidelines,13.00,Sourced from Cyber Security / SOC Analyst
Cyber Security,Trainee,Project / Process,DashBoard Maintanance,Daily Update of Dashaboard,12.00,Sourced from Cyber Security / SOC Analyst
Cyber Security,Trainee,Internal / External Customer,C-SAT,8 by 10,12.00,Sourced from Cyber Security / SOC Analyst
Cyber Security,Trainee,People,Training & skill development,40 hours of training in a year arranged by MGS,12.00,Sourced from Cyber Security / SOC Analyst
Cyber Security,Trainee,People,Interpersonal skills,No Major Escalation for behavioral issues,12.00,Sourced from Cyber Security / SOC Analyst
Cyber Security,Vice President I,Project / Process,"Adherenace to external guidelines for sub processes application, Infra & SOC",complete implementations in a time bound manner with 99% accuracy | Source: 20,4.21,"Application, Infra & SOC; Sourced from Cyber Security / Senior Manager - Cyber Security"
Cyber Security,Vice President I,Project / Process,Consume allocated budgets on time,,4.12,Sourced from Cyber Security / Senior Manager - Cyber Security
Cyber Security,Vice President I,Project / Process,"Adherenace to internal guidelines for process changes, improvements, innovation & Business objective",complete implementations in a time bound manner with 99% accuracy,4.12,Sourced from Cyber Security / Senior Manager - Cyber Security
Cyber Security,Vice President I,Project / Process,Documentation,"For Relevant major activities, reports, Tickets, Dashboard should be made readily available without delay or omission to senior management for stretatgic review",4.12,Sourced from Cyber Security / Senior Manager - Cyber Security
Cyber Security,Vice President I,Project / Process,Risk Management & Governance,All Applicable risk identification and risk treatment should happen periodically in time bound manner | Source: 20,4.12,Sourced from Cyber Security / Senior Manager - Cyber Security
Cyber Security,Vice President I,Project / Process,Risk identification should happen internally. 90%of nre risks identified should be from internal team rather than external auditors or risk,,4.12,Sourced from Cyber Security / Senior Manager - Cyber Security
Cyber Security,Vice President I,Project / Process,Risk treatment of high impact risk should not miss any SLAs ( 100 %),,4.12,Sourced from Cyber Security / Senior Manager - Cyber Security
Cyber Security,Vice President I,Project / Process,Incident Response & Resilience,"100% ahereance to Defined timelines for detection, response and mitigation | Source: 10",4.12,Sourced from Cyber Security / Senior Manager - Cyber Security
Cyber Security,Vice President I,Project / Process,SOC usecases to be increased to fit security postures,,4.12,Sourced from Cyber Security / Senior Manager - Cyber Security
Cyber Security,Vice President I,Project / Process,SIEM technical and process improvements for optimization,,4.12,Sourced from Cyber Security / Senior Manager - Cyber Security
Cyber Security,Vice President I,Project / Process,24*7 Support to be spotless with overall coverage,,3.09,Sourced from Cyber Security / Senior Manager - Cyber Security
Cyber Security,Vice President I,Project / Process,All assets to be monitored and covered,,3.09,Sourced from Cyber Security / Senior Manager - Cyber Security
Cyber Security,Vice President I,Project / Process,Security optimization,Decrease TAT for security assessments and reports | Source: 10,3.09,Sourced from Cyber Security / Senior Manager - Cyber Security
Cyber Security,Vice President I,Project / Process,Support and review new changes especially for CCB and Infra,,3.09,Sourced from Cyber Security / Senior Manager - Cyber Security
Cyber Security,Vice President I,Project / Process,Use of automation tools and scripts to improve overall efficiencies,,3.09,Sourced from Cyber Security / Senior Manager - Cyber Security
Cyber Security,Vice President I,Project / Process,Support in cert-in audits. Time and quality to be monitored for less TAT,,3.09,Sourced from Cyber Security / Senior Manager - Cyber Security
Cyber Security,Vice President I,Project / Process,Application Security & Infra,All products to e risk free in a calendar activity,3.09,Sourced from Cyber Security / Senior Manager - Cyber Security
Cyber Security,Vice President I,Project / Process,Changes in implementation for banks to be reviewed with consistencies. Target 100% reviews in tandem with CCB,,3.09,Sourced from Cyber Security / Senior Manager - Cyber Security
Cyber Security,Vice President I,Project / Process,"Reports to have Scope, details, peer reviews, detailed POCs etc as discussed from time to time",,3.09,Sourced from Cyber Security / Senior Manager - Cyber Security
Cyber Security,Vice President I,Project / Process,Manage security Admin tasks on tools,,3.09,Sourced from Cyber Security / Senior Manager - Cyber Security
Cyber Security,Vice President I,Project / Process,Support in internal and external audit with Major non compliances,,3.09,Sourced from Cyber Security / Senior Manager - Cyber Security
Cyber Security,Vice President I,Internal / External Customer,Review of dashboard,Weekly review of dashboard | Source: 5,3.09,Sourced from Cyber Security / Senior Manager - Cyber Security
Cyber Security,Vice President I,Internal / External Customer,Quaterly Departmental review,On time and detailed | Source: 5,3.09,Sourced from Cyber Security / Senior Manager - Cyber Security
Cyber Security,Vice President I,Internal / External Customer,Escalations,NO escalations from customers. All internal escalations to be closed on time or be accepted by stakeholders as infeasible | Source: 5,3.09,Sourced from Cyber Security / Senior Manager - Cyber Security
Cyber Security,Vice President I,Internal / External Customer,CSAT,2025-10-08 00:00:00,3.09,Sourced from Cyber Security / Senior Manager - Cyber Security
Cyber Security,Vice President I,Internal / External Customer,Sentiment Analysis,"Customers - Should say overall ""Competent"" and ""Professional"" Team - Should say "" Supportive"" , "" Competent""",3.09,Sourced from Cyber Security / Senior Manager - Cyber Security
Cyber Security,Vice President I,People,Team Leadership & Development,less than 15% attrition in department | Source: 5,3.09,Sourced from Cyber Security / Senior Manager - Cyber Security
Cyber Security,Vice President I,People,Training & skill development,40 hours of training in a year arranged by MGS | Source: 5,3.09,Sourced from Cyber Security / Senior Manager - Cyber Security
Cyber Security,Vice President I,People,Interpersonal skills,No Major Escalation for behavioral issues | Source: 5,3.09,Sourced from Cyber Security / Senior Manager - Cyber Security
DevOps,DevOps Engineer,Financial,Cloud Infrastructure Cost & Resource Optimization,Maintain cloud infra budget variance within approved limits; zero idle resource waste,15.00,Sourced from DevOps & Engineering / DevOps Engineer
DevOps,DevOps Engineer,Financial,Prevent Production Downtime Penalties,Maintain 99.9% availability across deployment pipelines and managed environments,10.00,Sourced from DevOps & Engineering / DevOps Engineer
DevOps,DevOps Engineer,Project / Process,CI/CD Pipeline Automation & Build Release Efficiency,100% automated CI/CD pipeline implementation; reduce manual deployment effort by 25%,20.00,Sourced from DevOps & Engineering / DevOps Engineer
DevOps,DevOps Engineer,Project / Process,"Infrastructure Security, OS Patching & Compliance Audit",0 critical vulnerabilities in OS/Cloud setup; monthly patch audit compliance,15.00,Sourced from DevOps & Engineering / DevOps Engineer
DevOps,DevOps Engineer,Project / Process,"Incident Monitoring, Alerting & Root Cause Analysis (RCA)",MTTR < 1 hour for major incidents; submit RCA within 24 hours of incident resolution,15.00,Sourced from DevOps & Engineering / DevOps Engineer
DevOps,DevOps Engineer,Internal / External Customer,Environment Provisioning & Deployment Support SLA,95%+ on-time environment provisioning and release deployment SLA adherence for dev/QA teams,12.00,Sourced from DevOps & Engineering / DevOps Engineer
DevOps,DevOps Engineer,People,DevOps Runbook Documentation & Skill Upgrading,Maintain 100% updated DevOps runbooks; complete 40 hrs annual cloud/DevOps training,13.00,Sourced from DevOps & Engineering / DevOps Engineer
DevOps,Senior Devops Engineer,Financial,Cloud Infrastructure Budgeting & Cost Savings,"Achieve 10-15% annual cloud cost savings via reserved instances, spot instances & architecture tuning",15.00,Sourced from DevOps & Engineering / Senior Devops Engineer
DevOps,Senior Devops Engineer,Financial,High Availability (HA) & Disaster Recovery (DR) Assurance,"RPO < 15 mins, RTO < 1 hour; 0 financial penalty due to infrastructure outage",10.00,Sourced from DevOps & Engineering / Senior Devops Engineer
DevOps,Senior Devops Engineer,Project / Process,Infrastructure as Code (IaC) & Deployment Architecture,100% infrastructure managed via Terraform/Ansible; 99.95% system uptime,20.00,Sourced from DevOps & Engineering / Senior Devops Engineer
DevOps,Senior Devops Engineer,Project / Process,"Security Audit, SOC2 / PCI-DSS / ISO27001 Compliance",100% compliance with enterprise security audits and zero critical vulnerability findings,15.00,Sourced from DevOps & Engineering / Senior Devops Engineer
DevOps,Senior Devops Engineer,Project / Process,"Automated Monitoring, Telemetry & Failover Automation",Proactive alert coverage >= 95%; automated failover test pass rate 100%,15.00,Sourced from DevOps & Engineering / Senior Devops Engineer
DevOps,Senior Devops Engineer,Internal / External Customer,Release Management & Stakeholder Deployment SLA,Maintain zero release delays attributable to infrastructure or pipeline failures,12.00,Sourced from DevOps & Engineering / Senior Devops Engineer
DevOps,Senior Devops Engineer,People,"DevOps Leadership, Team Mentorship & Technology Roadmap",Drive DevOps best practices; mentor junior engineers; complete 40 hrs advanced research/training,13.00,Sourced from DevOps & Engineering / Senior Devops Engineer
DevOps,Software Developer,Project / Process,Implementation as per Design & Architecture,100% adherence to architecture & functional specifications as per FSD,20.00,Sourced from DevOps & Engineering / Software Developer
DevOps,Software Developer,Project / Process,Use of Tools (Zoho/Jira) for Project Tracking,100% adoption with daily task logging reviewed and audited by lead,15.00,Sourced from DevOps & Engineering / Software Developer
DevOps,Software Developer,Project / Process,Focus on Coding Quality & Defect Reduction,Testing defect should be less than 5%; First Time Right (FTR) pass rate >= 90%,15.00,Sourced from DevOps & Engineering / Software Developer
DevOps,Software Developer,People,"Training, Peer Collaboration & Knowledge Transfer",Ensure 40 hrs training/year & participate in internal KT sessions,15.00,Sourced from DevOps & Engineering / Software Developer
DevOps,Software Developer,Financial,CR & Project Delivery Planned Vs Actual,As per milestone tracked in Zoho; delivery within allocated effort budget,10.00,Sourced from DevOps & Engineering / Software Developer
DevOps,Software Developer,Financial,Ensuring Code Review and Security Compliance,Defect Ratio should not be more than 5%; 0 out-of-fund issues,10.00,Sourced from DevOps & Engineering / Software Developer
DevOps,Software Developer,Internal / External Customer,Response to Client/Lead Queries & Escalations,Max in 24 hrs for escalations & 48 hrs for general query resolution,15.00,Sourced from DevOps & Engineering / Software Developer
DevOps,Trainee,Financial,On-Time Task Execution within Assigned Effort,Deliver 90%+ assigned module tasks within estimated timeline & budget,10.00,Sourced from DevOps & Engineering / Trainee
DevOps,Trainee,Project / Process,Adherence to Coding & DevOps Operational Guidelines,"100% compliance with coding guidelines, version control, and infrastructure checklists",20.00,Sourced from DevOps & Engineering / Trainee
DevOps,Trainee,Project / Process,Task & Ticket Tracking in Zoho/Jira,"100% adoption of Zoho/Jira for task logging, timesheets, and bug updates",15.00,Sourced from DevOps & Engineering / Trainee
DevOps,Trainee,Project / Process,Defect Density & First Time Right Code Quality,Unit test code coverage >= 80%; QA testing defects < 5%,15.00,Sourced from DevOps & Engineering / Trainee
DevOps,Trainee,Internal / External Customer,Prompt Response to Mentor & Lead Queries,Acknowledge and resolve internal support tickets and queries within 24 hours SLA,15.00,Sourced from DevOps & Engineering / Trainee
DevOps,Trainee,People,Foundation Training & Skill Certification,Complete mandatory foundation trainings & 1 domain/technical certification within review period,15.00,Sourced from DevOps & Engineering / Trainee
DevOps,Trainee,Financial,Zero Production Defect Impact,0 production outage or out-of-fund issue caused by assigned code/tasks,10.00,Sourced from DevOps & Engineering / Trainee
Development,Assistant Manager,Financial,Operational budget tracking & effort variance control,Maintain operational effort variance within <= 5% of assigned budget,15.00,
Development,Assistant Manager,Financial,Resource utilization & cost efficiency,Ensure billable resource utilization rate >= 88% across assigned team,10.00,
Development,Assistant Manager,Project / Process,Project execution monitoring & SLA tracking,95%+ on-time milestone execution; daily progress monitoring in Zoho,20.00,
Development,Assistant Manager,Project / Process,Quality control & process compliance auditing,Audit process compliance monthly; ensure team defect ratio < 5%,15.00,
Development,Assistant Manager,Project / Process,Cross-functional dependency coordination,Resolve inter-departmental dependencies within 24 hours SLA,15.00,
Development,Assistant Manager,Internal / External Customer,Client operational queries & ticket resolution,Resolve operational queries within 24 hours; CSAT score >= 8.5/10,12.00,
Development,Assistant Manager,People,"Team motivation, shift planning & training oversight",Execute quarterly performance check-ins; ensure team completes 40 hrs training,13.00,
Development,Assistant Vice President,Financial,Strategic financial growth & portfolio P&L management,Achieve assigned annual business unit revenue and EBIT targets,20.00,
Development,Assistant Vice President,Financial,Cost structure optimization & margin expansion,Improve operating margin by 3-5% through operational efficiencies,10.00,
Development,Assistant Vice President,Project / Process,Portfolio governance & delivery excellence,Ensure 100% major client projects meet SLA and timeline standards,20.00,
Development,Assistant Vice President,Project / Process,Enterprise risk management & regulatory compliance,0 regulatory non-compliance issues across all managed banking solutions,15.00,
Development,Assistant Vice President,Project / Process,"Innovation, technology adoption & scalability strategy",Implement strategic technology modernization roadmap across product lines,15.00,
Development,Assistant Vice President,Internal / External Customer,Strategic client partnership & executive sponsorship,Maintain senior leadership relationship score >= 9/10; zero major account loss,10.00,
Development,Assistant Vice President,People,"Organizational leadership, talent strategy & culture",Drive high-performance culture; maintain top talent retention rate > 90%,10.00,
Development,Customer Support Executive,Financial,Retention of client accounts through prompt issue resolution,Zero client churn due to support escalation failures,10.00,
Development,Customer Support Executive,Financial,Adherence to operational support budget,Maintain support operations within allocated ticket budget hours,10.00,
Development,Customer Support Executive,Project / Process,Helpdesk ticketing management & SLA compliance,98%+ ticket resolution adherence within predefined SLA windows,25.00,
Development,Customer Support Executive,Project / Process,First Contact Resolution (FCR) rate,Achieve First Contact Resolution rate >= 75% for support incidents,20.00,
Development,Customer Support Executive,Project / Process,Incident logging & escalation tracking in Zoho Desk,100% incident logging with accurate categorisation and escalation details,15.00,
Development,Customer Support Executive,Internal / External Customer,Customer Satisfaction (CSAT) score,Maintain customer satisfaction rating >= 90% on resolved tickets,15.00,
Development,Customer Support Executive,People,Customer service & product knowledge training,Complete product training modules & 40 hrs skill development annually,5.00,
Development,Deputy Vice President,Project / Process,"Governance, audit & regulatory excellence",100% clean audit reports from central bank and enterprise client audits,15.00,
Development,Deputy Vice President,Financial,P&L leadership & strategic business expansion,Deliver target annual revenue growth (15-20%) and profitability margins,20.00,
Development,Deputy Vice President,Financial,Strategic capital & operational expenditure governance,Optimize OPEX/CAPEX ratio for business unit; zero unbudgeted overrun,10.00,
Development,Deputy Vice President,Project / Process,Enterprise delivery framework & operational resilience,Achieve 99.99% system availability across enterprise banking deployments,20.00,
Development,Deputy Vice President,Project / Process,Strategic roadmap execution & product evolution,Deliver 100% strategic product enhancement roadmap milestones on schedule,15.00,
Development,Deputy Vice President,Internal / External Customer,Key bank executive relationships & strategic growth,Maintain C-level client relationship health score >= 9.2/10,10.00,
Development,Deputy Vice President,People,"Executive coaching, succession planning & organizational building",Build strong middle management leadership pipeline; top talent attrition < 8%,10.00,
Development,DevOps Engineer,Financial,Cloud & infrastructure cost optimization,Optimize cloud resource usage to maintain infrastructure costs within budgeted limit,15.00,
Development,DevOps Engineer,Financial,Minimize downtime penalties & SLA breaches,Maintain 99.9% uptime for core production environments,10.00,
Development,DevOps Engineer,Project / Process,CI/CD Pipeline implementation & automation,100% automated deployment pipelines for all microservices / releases,20.00,
Development,DevOps Engineer,Project / Process,"Infrastructure security, patching & compliance",0 critical security vulnerabilities in OS / cloud setup; monthly patch audit,15.00,
Development,DevOps Engineer,Project / Process,Incident response & Root Cause Analysis (RCA),MTTR < 1 hour for major incidents; submit RCA within 24 hours,15.00,
Development,DevOps Engineer,Internal / External Customer,Deployment & release support to dev/QA teams,95%+ on-time environment provisioning & deployment SLA adherence,10.00,
Development,DevOps Engineer,People,Technical cross-training & documentation,Maintain 100% updated DevOps runbooks; complete 40 hrs specialized cloud/DevOps training,15.00,
Development,Executive,Financial,Operational task execution within estimated cost/effort,Complete 95%+ assigned operational tasks without overtime or budget variance,10.00,
Development,Executive,Financial,Accuracy in documentation to avoid compliance fines,100% accuracy in report generation and process record maintenance,10.00,
Development,Executive,Project / Process,Adherence to daily operational process SLAs,100% on-time execution of daily process workflows and task checklists,25.00,
Development,Executive,Project / Process,Data entry & tracking tool usage (Zoho),100% accurate data entry and real-time task status update in tracking tool,20.00,
Development,Executive,Project / Process,Quality assurance & error reduction,Process error rate < 2% across all assigned operational deliverables,15.00,
Development,Executive,Internal / External Customer,Internal stakeholder support & query turnaround,Respond to internal queries within 24 hours SLA,10.00,
Development,Executive,People,Professional skills development & team coordination,Participate actively in team meetings & complete 40 hrs skill training,10.00,
Development,Lead,Financial,Module delivery on time & within effort budget,100% module delivery adherence; effort variance <= 5% tracked in Zoho,15.00,Sourced from Development / Lead
Development,Lead,Financial,Prevent out-of-fund issues & scope creep,0 production issue leading to financial loss; 100% billable effort tracking,10.00,Sourced from Development / Lead
Development,Lead,Project / Process,Technical design & code review quality,Ensure code review for 100% PRs; defect ratio < 4% in QA phase,20.00,Sourced from Development / Lead
Development,Lead,Project / Process,Agile task assignment & Zoho tracking,100% task allocation and sprint tracking in Zoho; daily standup audit,15.00,Sourced from Development / Lead
Development,Lead,Project / Process,CAB / CCB clearance & release management,90%+ first-time approval rate in CCB/CAB meetings,15.00,Sourced from Development / Lead
Development,Lead,Internal / External Customer,Client escalation response & resolution SLA,Acknowledge escalations within 4 hrs; complete resolution < 24 hrs,12.00,Sourced from Development / Lead
Development,Lead,People,"Team mentorship, utilization & KT",Ensure 100% team utilization; conduct bi-weekly KT; 40 hrs training per member,13.00,Sourced from Development / Lead
Development,Lead - Technical,Financial,Ensure project budget is approved by Respective delivery head,Before Project Approval,2.00,Sourced from Development / Tech Lead
Development,Lead - Technical,Financial,CR & Project Delivery Planned Vs/ Actual,As per milestone Tracked in Zoho | As per effort Tracked in Zoho,4.00,Sourced from Development / Tech Lead; Merged 2 rows with the same KRA; weights 4+5 summed to 9
Development,Lead - Technical,Financial,Ensuring the code review and security compliance,Defect Ratio should not be more than 5%,2.00,Sourced from Development / Tech Lead
Development,Lead - Technical,Financial,changes should not lead to out of fund,0 Out of fund production issue,2.00,Sourced from Development / Tech Lead
Development,Lead - Technical,Financial,Stage wise tracking of Project/CR planned vs actual,Every Month for all projects,2.00,Sourced from Development / Tech Lead
Development,Lead - Technical,Financial,Time to respond to Effort Estimates,Max 5 days,5.00,Sourced from Development / Tech Lead
Development,Lead - Technical,Financial,People Addition to project,Not more than 10% more than planned,5.00,Sourced from Development / Tech Lead
Development,Lead - Technical,Project / Process,Design of Architecture with Delivery Head,Architeture should be part of Functional Specific Document | 100% Adaption,7.00,Sourced from Development / Tech Lead; Merged 2 rows with the same KRA; weights 10+5 summed to 15
Development,Lead - Technical,Project / Process,Use of Tools (Zoho) for project Tracking,100% Adaption with reviewed and audited by lead/Architect | 100% Adaption with reviewed and audited by lead | 100% Adaption,12.00,Sourced from Development / Tech Lead; Merged 3 rows with the same KRA; weights 10+10+5 summed to 25
Development,Lead - Technical,Project / Process,Focus on coding Quality,FTR,5.00,Sourced from Development / Tech Lead
Development,Lead - Technical,Project / Process,Stage wise tracking of CR planned vs actual,Every Month for all projects,3.00,Sourced from Development / Tech Lead
Development,Lead - Technical,Project / Process,Focus on Quality of delivey,100% Timely review,5.00,Sourced from Development / Tech Lead
Development,Lead - Technical,Internal / External Customer,Response to Client queries & Escalations,Max in 24 Hrs all the escalation & 48 hrs for Queries,3.00,Sourced from Development / Tech Lead
Development,Lead - Technical,Internal / External Customer,C-SAT,8 By 10,3.00,Sourced from Development / Tech Lead
Development,Lead - Technical,Internal / External Customer,CAB Review clearance,FTR,3.00,Sourced from Development / Tech Lead
Development,Lead - Technical,Internal / External Customer,CCB (Change control Board) Review,90% Adherence to compliance,2.00,CCB to be complated with in first meeting; Sourced from Development / Tech Lead
Development,Lead - Technical,Internal / External Customer,CCB (Central control Board) Review,90% Adherence to compliance,2.00,CCB to be complated with in first meeting; Sourced from Development / Tech Lead
Development,Lead - Technical,Internal / External Customer,Response to queries & CR,Max in 24 Hrs all the time,5.00,Sourced from Development / Tech Lead
Development,Lead - Technical,Internal / External Customer,Drop in Escalation,Drop in escalation by 80%,2.00,Sourced from Development / Tech Lead
Development,Lead - Technical,People,Interper sonal Skills,"Behavioural Skills, collabration with in team and be good people manager",2.00,Sourced from Development / Tech Lead
Development,Lead - Technical,People,Team attrition for Overall CI,< 15%,5.00,Sourced from Development / Tech Lead
Development,Lead - Technical,People,Training,Ensure 40Hrs of training in year,2.00,Sourced from Development / Tech Lead
Development,Lead - Technical,People,Optimal utilization of resouces,100% Utilization of Resources,5.00,Sourced from Development / Tech Lead
Development,Lead - Technical,People,Timely Interviews,Not more than 10% cancellation / postponement,5.00,Sourced from Development / Tech Lead
Development,Lead - Technical,People,Compliance to Zoho Time,1,5.00,Sourced from Development / Tech Lead
Development,Lead - Technical,People,Employee Review Quarterly,1,2.00,Sourced from Development / Tech Lead
Development,Linux Administrator,Financial,Server resource optimization & lifecycle management,100% optimal server CPU/Memory utilization without emergency hardware provisioning,15.00,
Development,Linux Administrator,Financial,Prevent outage-related financial losses,Maintain 99.9% availability for enterprise Linux server fleet,10.00,
Development,Linux Administrator,Project / Process,"System OS patching, updates & hardening",100% servers patched within 30 days of critical security patch release,20.00,
Development,Linux Administrator,Project / Process,Backup management & disaster recovery testing,100% successful daily backups; quarterly DR recovery drills executed successfully,15.00,
Development,Linux Administrator,Project / Process,Log monitoring & troubleshooting,Identify and resolve system anomalies before service disruption occurs,15.00,
Development,Linux Administrator,Internal / External Customer,Internal user access & ticket resolution SLA,Resolve server access & OS support tickets within 4 hours SLA,10.00,
Development,Linux Administrator,People,System documentation & skill upgrading,Maintain complete server inventory & architecture docs; 40 hrs Linux/RedHat training,15.00,
Development,Manager,Financial,Departmental budget management & revenue realization,Achieve revenue targets for assigned unit; keep operational costs within budget,15.00,
Development,Manager,Financial,CR profitability & resource deployment efficiency,Maintain project gross margin >= 35%; resource utilization >= 90%,10.00,
Development,Manager,Project / Process,End-to-end delivery governance & milestone tracking,100% projects delivered on schedule as tracked in Zoho; 0 project defaults,20.00,
Development,Manager,Project / Process,Process standardisation & audit compliance,100% compliance with ISO / CMMI / Security process frameworks,15.00,
Development,Manager,Project / Process,Risk management & executive reporting,Submit bi-weekly dashboard to leadership; proactive risk mitigation,15.00,
Development,Manager,Internal / External Customer,Key account client satisfaction & escalation management,Achieve overall CSAT >= 9/10; 100% resolution of escalated issues within 24 hrs,12.00,
Development,Manager,People,"Talent retention, leadership development & appraisal",Keep team attrition < 12%; 100% on-time performance reviews; hiring SLA adherence,13.00,
Development,Oracle DBA,Financial,Database performance tuning & cost optimization,"Optimize Oracle licenses, memory & storage to reduce total cost of ownership",15.00,
Development,Oracle DBA,Financial,High availability & business continuity (RAC / Data Guard),Maintain 99.99% Oracle DB uptime; zero unplanned DB downtime,10.00,
Development,Oracle DBA,Project / Process,"Oracle RAC, Data Guard & Data Pump administration",Zero failover failures during DR drills; automated backup adherence 100%,20.00,
Development,Oracle DBA,Project / Process,"SQL tuning, index optimization & execution plans",Identify & optimize slow-running SQL queries (> 2 sec execution time),15.00,
Development,Oracle DBA,Project / Process,"Oracle upgrades, CPU/PSU patching & security compliance",Timely application of Oracle CPU/PSU patches with zero critical vulnerabilities,15.00,
Development,Oracle DBA,Internal / External Customer,Database change request & deployment SLA,Execute DB scripts/migrations during maintenance windows with 0 rollback,10.00,
Development,Oracle DBA,People,Technical guidance & training,Provide DB best practice guidelines to developers; complete 40 hrs Oracle training,15.00,
Development,Project Manager,Financial,Time to respond to Deliverable,Max 2 days,6.00,
Development,Project Manager,Financial,Tracking of CR & Project Delivery Planned Vs/ Actual,As per effort Tracked in Zoho | As per effort tracked in Zoho; project margin maintained,8.00,Merged 2 rows with the same KRA; weights 5+10 summed to 15
Development,Project Manager,Financial,People Addition to project,Not more than 10% more than planned | Resource addition not more than 10% higher than planned budget,5.00,Merged 2 rows with the same KRA; weight kept at 10 (identical on all 2 rows)
Development,Project Manager,Financial,Time to respond to Deliverable & budget tracking,Max 2 days response time; project financial tracking within approved limits,5.00,
Development,Project Manager,Project / Process,Use of Tools (Zoho) for project Planning & WBS,"100% Adaption | 100% adoption of WBS, milestone planning and tracking in Zoho",13.00,Merged 2 rows with the same KRA; weights 10+15 summed to 25
Development,Project Manager,Project / Process,Stage wise tracking of CR planned vs actual,Every Month for all projects | Every month audit for all active projects and CRs,11.00,Merged 2 rows with the same KRA; weights 5+15 summed to 20
Development,Project Manager,Project / Process,Bank & Team cooridnation,100% Timely review,5.00,
Development,Project Manager,Project / Process,Bank & Team coordination,100% timely review meetings and weekly status reports,5.00,
Development,Project Manager,Internal / External Customer,Response to queries,Max in 24 Hrs all the time,5.00,
Development,Project Manager,Internal / External Customer,Drop in Escalation,Drop in escalation by 80%,3.00,
Development,Project Manager,Internal / External Customer,Response to queries & Drop in Escalation,Max in 24 hrs for queries; achieve drop in escalations by 80%,8.00,
Development,Project Manager,People,Timely Interviews,Not more than 10% cancellation / postponement,5.00,
Development,Project Manager,People,Compliance to Zoho Time,1,5.00,
Development,Project Manager,People,Team attrition for Overall CI,< 15%,5.00,
Development,Project Manager,People,Employee Review Quarterly,1,3.00,
Development,Project Manager,People,"Timely Interviews, Zoho compliance & Team Attrition",Interviews cancellation < 10%; team attrition < 15%; quarterly reviews done 100%,8.00,
Development,Senior Devops Engineer,Financial,Cloud infrastructure budgeting & cost reduction,Achieve 10-15% annual cloud cost savings via reserved instances & architecture tuning,15.00,
Development,Senior Devops Engineer,Financial,High availability & disaster recovery readiness,"RPO < 15 mins, RTO < 1 hour; 0 financial penalty due to infra outage",10.00,
Development,Senior Devops Engineer,Project / Process,Infrastructure as Code (IaC) & pipeline architecture,100% infrastructure managed via Terraform/Ansible; 99.95% system uptime,20.00,
Development,Senior Devops Engineer,Project / Process,"Security audit, SOC2 / PCI-DSS compliance",100% compliance with enterprise security audits & zero critical findings,15.00,
Development,Senior Devops Engineer,Project / Process,Automated monitoring & failover strategies,Proactive alert coverage >= 95%; automated failover pass rate 100%,10.00,
Development,Senior Devops Engineer,Internal / External Customer,Client & internal deployment SLA management,Maintain zero release delays attributable to infrastructure/pipeline failure,15.00,
Development,Senior Devops Engineer,People,Team mentorship & technology roadmap,Drive DevOps best practices; mentor junior engineers; 40 hrs advanced training,15.00,
Development,Senior Executive,Financial,Process efficiency improvement resulting in effort savings,Achieve 10% operational effort reduction through process refinement,15.00,
Development,Senior Executive,Financial,Resource & budget variance tracking,Track operational expenses with zero unexplained budget variance,10.00,
Development,Senior Executive,Project / Process,Process execution & quality compliance,100% adherence to standard operating procedures; defect/error rate < 1%,25.00,
Development,Senior Executive,Project / Process,Audit compliance & reporting timeliness,100% on-time submission of weekly/monthly operational status reports,20.00,
Development,Senior Executive,Project / Process,Workflow optimization & problem solving,Proactively identify and resolve operational bottlenecks within assigned domain,10.00,
Development,Senior Executive,Internal / External Customer,Escalation handling & stakeholder satisfaction,Resolve operational escalations within 24 hours; stakeholder rating >= 8.5/10,10.00,
Development,Senior Executive,People,Peer training & cross-functional coordination,Train junior executives; complete 40 hrs annual professional training,10.00,
Development,Senior Manager,Financial,Business unit financial performance & P&L oversight,Meet annual revenue targets; maintain operating margin within approved target,15.00,
Development,Senior Manager,Financial,Account expansion & revenue growth via CRs/New modules,Drive 15%+ organic revenue growth in managed client accounts,10.00,
Development,Senior Manager,Project / Process,Portfolio delivery management & operational governance,98%+ on-time delivery across portfolio projects; zero high-impact outages,20.00,
Development,Senior Manager,Project / Process,"Quality assurance, audit & compliance management",100% compliance with enterprise risk frameworks & regulatory audits,15.00,
Development,Senior Manager,Project / Process,Strategic operational planning & process transformation,Drive automation and framework enhancements saving 10% effort annually,15.00,
Development,Senior Manager,Internal / External Customer,Senior stakeholder & C-level client relationship management,Executive CSAT score >= 9/10; quarterly executive alignment reviews completed,12.00,
Development,Senior Manager,People,"Leadership development, succession planning & retention",Maintain key talent retention rate >= 90%; execute leadership coaching,13.00,
Development,Senior Software Developer,Financial,Project milestone delivery & CR budget adherence,100% milestone delivery on schedule; zero out-of-fund production issues,15.00,
Development,Senior Software Developer,Financial,Effort estimation & resource optimization,Variance between estimated vs actual coding effort < 8%,10.00,
Development,Senior Software Developer,Project / Process,"Code review, security & architectural compliance",Defect ratio < 3%; 100% compliance with OWASP / security audit,20.00,
Development,Senior Software Developer,Project / Process,CAB & CCB review clearance,90%+ adherence to compliance; clearance on first meeting,15.00,
Development,Senior Software Developer,Project / Process,Process automation & CI/CD pipeline usage,Implement automated unit testing / build pipeline for assigned modules,10.00,
Development,Senior Software Developer,Internal / External Customer,Client escalation response & resolution,Resolution within 24 hrs for critical issues; CSAT >= 8.5/10,15.00,
Development,Senior Software Developer,People,"Mentorship, KT sessions & training",Conduct min 1 KT session/month; ensure 40 hrs self-learning & team mentorship,15.00,
Development,Senior Technical Lead,Financial,Technical budget management & effort estimation accuracy,Deliver complex technical modules with <= 5% effort variance from estimate,15.00,
Development,Senior Technical Lead,Financial,Zero financial impact from production defects,0 high-severity production bugs resulting in penalty or out-of-fund condition,10.00,
Development,Senior Technical Lead,Project / Process,"Architecture alignment, code quality & security audit",100% adherence to target architecture; 0 critical security audit findings,20.00,
Development,Senior Technical Lead,Project / Process,Release management & deployment automation,Achieve 95%+ first-time release clearance in CAB/CCB; automated deployment > 80%,15.00,
Development,Senior Technical Lead,Project / Process,Process improvement & engineering excellence,Introduce at least 2 technical process enhancements per quarter,15.00,
Development,Senior Technical Lead,Internal / External Customer,Key technical stakeholder management & query SLA,Resolve technical queries from client leads within 12 hours SLA; CSAT >= 9/10,12.00,
Development,Senior Technical Lead,People,"Technical leadership, talent growth & attrition control",Maintain team attrition < 12%; drive technical skill matrix development; 40 hrs training,13.00,
Development,Senior UI/UX Designer,Financial,Design efficiency & component library reuse,Drive 20%+ reduction in UI design time through reusable design system library,15.00,
Development,Senior UI/UX Designer,Financial,UX improvement driving client conversion / retention,Deliver UX enhancements resulting in measurable user retention / conversion increase,10.00,
Development,Senior UI/UX Designer,Project / Process,"End-to-end UX strategy, research & interaction design","Complete user research, user journey mapping & interactive prototypes for major features",25.00,
Development,Senior UI/UX Designer,Project / Process,Design system architecture & governance,Maintain & expand enterprise design system; quarterly audit of UI components,15.00,
Development,Senior UI/UX Designer,Project / Process,Design review & QA audit on built software,100% design audit on completed dev builds before release; defect pass rate 95%+,15.00,
Development,Senior UI/UX Designer,Internal / External Customer,Client design presentation & stakeholder management,First-time client approval rate >= 85%; CSAT score >= 9/10,10.00,
Development,Senior UI/UX Designer,People,Mentorship of junior designers & continuous learning,Mentor UI/UX design team; complete 40 hrs specialized design training,10.00,
Development,Senior Vice President II,Financial,"Corporate financial growth, enterprise revenue & profitability","Achieve overall corporate financial targets, revenue expansion & EBITDA goals",25.00,Sourced from Development / Senior Vice President
Development,Senior Vice President II,Financial,"Strategic investments, M&A & capital allocation",Ensure high ROI on product investments and new strategic market initiatives,15.00,Sourced from Development / Senior Vice President
Development,Senior Vice President II,Project / Process,Enterprise strategic vision & organizational alignment,Translate corporate strategy into operational execution across all business units,20.00,Sourced from Development / Senior Vice President
Development,Senior Vice President II,Project / Process,"Global regulatory, compliance & corporate governance",Maintain flawless corporate governance and global banking regulatory compliance,15.00,Sourced from Development / Senior Vice President
Development,Senior Vice President II,Internal / External Customer,Industry thought leadership & key banking stakeholder trust,Represent Mindgate in global fintech forums; maintain trust of top banking CXOs,12.00,Sourced from Development / Senior Vice President
Development,Senior Vice President II,People,"Executive talent acquisition, succession planning & organizational culture",Build future leadership capacity; establish top-tier organizational workplace culture,13.00,Sourced from Development / Senior Vice President
Development,Senior Web Designer,Financial,On-time web design project delivery within scope,100% web design projects delivered within allocated budget and schedule,10.00,
Development,Senior Web Designer,Financial,SEO & performance optimization for web assets,Achieve Google PageSpeed insights score >= 85 for designed web assets,10.00,
Development,Senior Web Designer,Project / Process,Responsive web layout design & HTML/CSS/JS standards,"100% responsive cross-browser compatibility across desktop, tablet & mobile",25.00,
Development,Senior Web Designer,Project / Process,"Web design quality, graphics & branding consistency",Adherence to corporate design aesthetics; zero broken layouts in QA audit,20.00,
Development,Senior Web Designer,Project / Process,Tool usage (Zoho/Figma/Adobe Creative Suite),100% design asset organization and task tracking in project management tools,15.00,
Development,Senior Web Designer,Internal / External Customer,Turnaround time for web marketing/product requests,Deliver website update requests within agreed turnaround SLA (max 48 hours),10.00,
Development,Senior Web Designer,People,Web technology upgrading & portfolio enhancement,Implement modern CSS/web design frameworks; complete 40 hrs annual training,10.00,
Development,Software Analyst,Financial,Accuracy of requirement estimation to prevent scope creep,Requirement gap causing CR cost variance kept < 5% of project baseline,10.00,
Development,Software Analyst,Financial,Cost-effective feature definition,Deliver clear functional spec ensuring 0 budget overrun from ambiguous requirements,6.00,
Development,Software Analyst,Project / Process,Functional Specification Document (FSD) & SRS creation,100% FSD sign-off by client/product owner before sprint/development initiation,16.00,
Development,Software Analyst,Project / Process,"Use case, flowcharts & user story mapping",Detailed user stories with acceptance criteria mapped in Zoho/Jira for 100% tasks,13.00,
Development,Software Analyst,Project / Process,UAT support & functional testing verification,Support UAT execution with zero major requirement gaps identified during UAT,10.00,
Development,Software Analyst,Project / Process,Execution against estimate,"# Completing with < than estimate, with good code quality and with value additions = A+ # Completing with < than estimate = A # Provides, adheres to estimate of work = B+ # Completing with > Estimated = B",9.00,
Development,Software Analyst,Project / Process,Functional Understanding of the Project,# Functional analysis and gives estimates with supported documents with 100% accuracy = A+ # Analysis and effort estimate with accuracy > 85% = A # Need support in analysis but gives estimate with accuracy > 85% = B+,9.00,
Development,Software Analyst,Project / Process,Adheres to Quality,# Improves Scalability and architecture = A+ # Comes with outstanding solutions = A # Zero defect with coding standards = B+,9.00,
Development,Software Analyst,Project / Process,Sticks to deadlines / tasks completion on time,# Before time with value add = A+ # Before time = A # Ontime = B+ # Delayed = B,9.00,
Development,Software Analyst,Internal / External Customer,Requirement walkthrough with stakeholders & dev team,100% timely response to requirement clarifications within 24 hours,6.00,
Development,Software Analyst,People,Domain knowledge acquisition & skill development,Complete domain/payments training; deliver 40 hrs of professional development,3.00,
Development,Software Developer,Project / Process,Implementation as per FSD / Design,100% adherence to architecture & functional specifications,20.00,
Development,Software Developer,Project / Process,Coding quality & First Time Right (FTR),Testing defects < 5%; First time right pass rate >= 90%,15.00,
Development,Software Developer,People,"Training, peer collaboration & KT",Ensure 40 hrs training/year & participate in internal KT sessions,15.00,
Development,Software Developer,Financial,CR & Project delivery planned vs actual,As per milestone tracked in Zoho; delivery within budget,10.00,
Development,Software Developer,Financial,Ensuring code review and security compliance,Defect ratio should not be more than 5%; 0 out-of-fund issues,10.00,
Development,Software Developer,Project / Process,Use of tools (Zoho) for project tracking,100% adoption with daily updates reviewed and audited by lead,15.00,
Development,Software Developer,Internal / External Customer,Response to Client/Lead queries & Escalations,Max in 24 hrs for escalations & 48 hrs for query resolution,15.00,
Development,Sr Manager – Implementation,Financial,Implementation milestone billing & revenue turnaround time,Reduce go-live cycle time by 15%; ensure on-time milestone billing clearance,15.00,
Development,Sr Manager – Implementation,Financial,Implementation cost & resource deployment budget,Complete implementation projects within estimated effort budget (variance < 5%),10.00,
Development,Sr Manager – Implementation,Project / Process,Client go-live management & onboarding governance,100% successful go-lives within committed timeline; 0 post go-live critical bugs,20.00,
Development,Sr Manager – Implementation,Project / Process,"Bank system integration, UAT & sign-off tracking",Achieve first-time UAT sign-off rate >= 90% across banking deployments,15.00,
Development,Sr Manager – Implementation,Project / Process,Standardisation of deployment frameworks & runbooks,100% adoption of standardized implementation toolkits and checklist,15.00,
Development,Sr Manager – Implementation,Internal / External Customer,Bank CXO / IT Head relationship & escalation resolution,Resolve implementation escalations within 12 hours SLA; client CSAT >= 9/10,12.00,
Development,Sr Manager – Implementation,People,Field implementation team coaching & resource management,Maintain implementation team attrition < 10%; conduct quarterly domain upskilling,13.00,
Development,Team Lead,Financial,Team productivity & effort budget compliance,Ensure team completes sprint deliverables within planned effort hours,15.00,
Development,Team Lead,Financial,Resource billability & utilization optimization,Maintain overall team resource utilization rate >= 90%,10.00,
Development,Team Lead,Project / Process,"Sprint planning, task breakdown & Zoho tracking",100% sprint items logged with clear WBS in Zoho; daily status tracking,20.00,
Development,Team Lead,Project / Process,Code review execution & defect control,100% code review coverage; team QA defect density < 5%,15.00,
Development,Team Lead,Project / Process,On-time release delivery & milestone adherence,95%+ on-time milestone delivery across all team modules,15.00,
Development,Team Lead,Internal / External Customer,Client communication & escalation handling,Resolve internal & external client escalations within 24 hours SLA,12.00,
Development,Team Lead,People,"Team guidance, performance review & skill development",Conduct monthly 1-on-1s; ensure team completes 40 hrs training/year,13.00,
Development,Technical Architect,Financial,Design Document for Every Major/Minor Project,Before Development activity starts document should be finalised and approved.,3.00,
Development,Technical Architect,Financial,Design Decsions and alternatives to be documented.,,3.00,
Development,Technical Architect,Financial,Final Submission Document to Implementation and Support post completion of the project.,Support and maintainblity documentation to be submitted at the end of the project.,2.00,
Development,Technical Architect,Financial,Architecture cost efficiency & infrastructure sizing,Design software architecture that optimizes server compute/storage costs by 10-15%,8.00,
Development,Technical Architect,Financial,Future-proof technical design to prevent re-architecture costs,Zero major architectural redesign required within 2 years of project launch,5.00,
Development,Technical Architect,Project / Process,Discussion and Review with OEM to be done and documented,,5.00,
Development,Technical Architect,Project / Process,Solution Architecture & High-Level / Low-Level Design (HLD/LLD),Deliver 100% comprehensive architecture blueprints & FSD approval before dev start,13.00,
Development,Technical Architect,Project / Process,Technology stack selection & security/compliance standards,"100% adherence to PCI-DSS, ISO 27001 & OWASP architecture benchmarks",10.00,
Development,Technical Architect,Project / Process,"Performance engineering, scalability & benchmark testing",Ensure application architecture supports target TPS (Transactions Per Sec) & < 200ms latency,8.00,
Development,Technical Architect,Internal / External Customer,Client architecture representation & technical approval,100% first-time sign-off from bank enterprise architects,4.00,
Development,Technical Architect,People,"Tech thought leadership, standards definition & mentoring",Publish enterprise tech guidelines; mentor tech leads; 40 hrs advanced tech research,4.00,
Development,Technical Architect,Financial,Ensure project budget is approved by Respective delivery head,Before Project Approval,2.00,
Development,Technical Architect,Financial,CR & Project Delivery Planned Vs/ Actual,As per milestone Tracked in Zoho,2.00,
Development,Technical Architect,Financial,Ensuring the code review and security compliance,Defect Ratio should not be more than 5%,1.00,
Development,Technical Architect,Financial,changes should not lead to out of fund,0 Out of fund production issue,2.00,
Development,Technical Architect,Financial,Stage wise tracking of Project/CR planned vs actual,Every Month for all projects,2.00,
Development,Technical Architect,Project / Process,Design of Architecture with Delivery Head,Architeture should be part of Functional Specific Document,3.00,
Development,Technical Architect,Project / Process,Use of Tools (Zoho) for project Tracking,100% Adaption with reviewed and audited by lead,2.00,
Development,Technical Architect,Project / Process,Focus on coding Quality,FTR,2.00,
Development,Technical Architect,Internal / External Customer,Response to Client queries & Escalations,Max in 24 Hrs all the escalation & 48 hrs for Queries,5.00,
Development,Technical Architect,Internal / External Customer,C-SAT,8 By 10,2.00,
Development,Technical Architect,Internal / External Customer,CAB Review clearance,FTR,2.00,
Development,Technical Architect,Internal / External Customer,CCB (Central control Board) Review,90% Adherence to compliance,2.00,CCB to be complated with in first meeting
Development,Technical Architect,People,Interper sonal Skills,"Behavioural Skills, collabration with in team and be good people manager",2.00,
Development,Technical Architect,People,Team attrition for Overall CI,< 15%,2.00,
Development,Technical Architect,People,Training,Ensure 40Hrs of training in year,2.00,
Development,Technical Architect,People,Optimal utilization of resouces,100% Utilization of Resources,2.00,
Development,Technical Manager,Financial,Project Budget Adherence: Deliver technical modules within the estimated man-hours to prevent budget overruns.,100% Adherence to guideline,3.00,
Development,Technical Manager,Financial,CR & Project Delivery Planned Vs/ Actual,As per milestone Tracked in Zoho on run time basis,3.00,
Development,Technical Manager,Financial,Ensuring the code review and security compliance,Defect Ratio should not be more than 5%,3.00,
Development,Technical Manager,Financial,changes should not lead to out of fund,0 Out of fund production issue,3.00,
Development,Technical Manager,Financial,Technical project budgeting & resource expenditure control,Deliver technical projects within approved budget; financial variance < 5%,8.00,
Development,Technical Manager,Financial,Prevent out-of-fund & SLA default penalties,0 financial penalties due to technical delivery failures,5.00,
Development,Technical Manager,Project / Process,Delivery of Project,100% Delivery of projects within agreed timelines and quality standards.,5.00,
Development,Technical Manager,Project / Process,Design of Architecture with Delivery Head,Architeture should be part of Functional Specific Document,5.00,
Development,Technical Manager,Project / Process,Use of Tools (Zoho) for project Tracking,100% Adaption with reviewed and audited by lead/Architect,3.00,
Development,Technical Manager,Project / Process,Code Quality,FTR,3.00,
Development,Technical Manager,Project / Process,Technical delivery management & governance,100% adherence to project milestones; technical deliverables audited in Zoho,10.00,
Development,Technical Manager,Project / Process,Engineering quality standards & code audit oversight,QA defect leakage to UAT < 3%; 100% compliance with release gates,8.00,
Development,Technical Manager,Project / Process,Risk management & technical issue mitigation,Maintain active risk register; mitigate 90%+ technical risks before impact,8.00,
Development,Technical Manager,Internal / External Customer,Review and approve all Technical Specification Documents (TSD) to ensure architectural feasibility and scalability.,"Successful completion of UAT and ensuring no ""Showstopper"" bugs at release.",2.00,
Development,Technical Manager,Internal / External Customer,"Response to CR, Client queries & Escalations",Max in 24 Hrs all the escalation & 48 hrs for Queries,2.00,
Development,Technical Manager,Internal / External Customer,C-SAT,8 By 10,2.00,
Development,Technical Manager,Internal / External Customer,CAB Review clearance,FTR,2.00,
Development,Technical Manager,Internal / External Customer,CCB (Change control Board) Review,90% Adherence to compliance,2.00,CCB to be complated with in first meeting
Development,Technical Manager,Internal / External Customer,Client technical relationship & escalation management,Maintain client technical satisfaction rating >= 9/10; 24 hr SLA for critical issues,6.00,
Development,Technical Manager,People,Interper sonal Skills,"Behavioural Skills, collabration with in team and be good people manager",2.00,
Development,Technical Manager,People,Team attrition for Overall CI,< 15%,5.00,
Development,Technical Manager,People,Training,Ensure 40Hrs of training in year,2.00,
Development,Technical Manager,People,Optimal utilization of resouces,100% Utilization of Resources,2.00,
Development,Technical Manager,People,"Technical team management, hiring & retention",Maintain technical team attrition < 10%; 100% completion of quarterly performance appraisals,6.00,
Development,Trainee,Financial,On-time task delivery to prevent schedule/budget overrun,Deliver 90%+ assigned module tasks within estimated timeline,10.00,
Development,Trainee,Project / Process,Adherence to SDLC & coding standards,100% compliance with coding guidelines and architecture FSD,20.00,
Development,Trainee,Project / Process,Tool usage for task & bug tracking,100% adoption of Zoho/Jira for task logging and timesheet entry,15.00,
Development,Trainee,Project / Process,Defect density & unit test coverage,Unit test code coverage >= 80%; QA defects < 5%,15.00,
Development,Trainee,Internal / External Customer,SLA for query resolution & peer support,Acknowledge and resolve internal support tickets within 24 hours,15.00,
Development,Trainee,People,Skill enhancement & certification,Complete mandatory foundation trainings & 1 domain certification within evaluation period,15.00,
Development,Trainee,Financial,Zero production defect impact,0 production outage or out-of-fund issue caused by assigned modules,10.00,
Development,UI/UX Designer,Financial,Design delivery within project budget & hours,Deliver UI wireframes & prototypes within estimated project effort hours,10.00,
Development,UI/UX Designer,Financial,Minimize UI re-work costs,Design revisions limited to <= 2 rounds per module,10.00,
Development,UI/UX Designer,Project / Process,"Wireframing, prototyping & design system adherence",100% compliance with product brand design guidelines & Figma components,25.00,
Development,UI/UX Designer,Project / Process,Design usability testing & accessibility standards,Adherence to WCAG 2.1 accessibility guidelines; user task success rate > 90%,20.00,
Development,UI/UX Designer,Project / Process,Collaboration with development team for UI handoff,Zero design ambiguity during dev handoff; 100% pixel-perfect dev compliance,15.00,
Development,UI/UX Designer,Internal / External Customer,User satisfaction & client design feedback score,Client design sign-off score >= 8.5/10; CSAT approval on wireframes,10.00,
Development,UI/UX Designer,People,Design trend research & team knowledge sharing,Conduct quarterly UX trend share; complete 40 hrs UI/UX training,10.00,
Development,Vice President,Financial,Division P&L responsibility & top-line / bottom-line growth,Achieve division revenue and net profit margin goals set by the board,20.00,
Development,Vice President,Financial,Market expansion & strategic account acquisition,Drive strategic multi-million dollar banking software contracts & recurring ARR,15.00,
Development,Vice President,Project / Process,Global operational excellence & delivery strategy,Establish enterprise-wide quality & delivery standards; 0 critical delivery failures,20.00,
Development,Vice President,Project / Process,Strategic technology direction & digital transformation,Sponsor core product architecture modernization & AI/Cloud integration,15.00,
Development,Vice President,Project / Process,"Enterprise risk, governance & compliance framework",Ensure 100% enterprise risk mitigation and regulatory compliance across markets,10.00,
Development,Vice President,Internal / External Customer,C-Suite & Board level engagement with partner banks,100% key client executive retention and strategic partnership expansion,10.00,
Development,Vice President,People,"Leadership vision, organizational development & talent retention",Foster innovation culture; executive retention rate > 92%,10.00,
Development,Vice President I,Financial,Division P&L responsibility & top-line / bottom-line growth,Achieve division revenue and net profit margin goals set by the board,20.00,Sourced from Development / Vice President
Development,Vice President I,Financial,Market expansion & strategic account acquisition,Drive strategic multi-million dollar banking software contracts & recurring ARR,15.00,Sourced from Development / Vice President
Development,Vice President I,Project / Process,Global operational excellence & delivery strategy,Establish enterprise-wide quality & delivery standards; 0 critical delivery failures,20.00,Sourced from Development / Vice President
Development,Vice President I,Project / Process,Strategic technology direction & digital transformation,Sponsor core product architecture modernization & AI/Cloud integration,15.00,Sourced from Development / Vice President
Development,Vice President I,Project / Process,"Enterprise risk, governance & compliance framework",Ensure 100% enterprise risk mitigation and regulatory compliance across markets,10.00,Sourced from Development / Vice President
Development,Vice President I,Internal / External Customer,C-Suite & Board level engagement with partner banks,100% key client executive retention and strategic partnership expansion,10.00,Sourced from Development / Vice President
Development,Vice President I,People,"Leadership vision, organizational development & talent retention",Foster innovation culture; executive retention rate > 92%,10.00,Sourced from Development / Vice President
Development,Vice President II,Financial,Division P&L responsibility & top-line / bottom-line growth,Achieve division revenue and net profit margin goals set by the board,20.00,Sourced from Development / Vice President
Development,Vice President II,Financial,Market expansion & strategic account acquisition,Drive strategic multi-million dollar banking software contracts & recurring ARR,15.00,Sourced from Development / Vice President
Development,Vice President II,Project / Process,Global operational excellence & delivery strategy,Establish enterprise-wide quality & delivery standards; 0 critical delivery failures,20.00,Sourced from Development / Vice President
Development,Vice President II,Project / Process,Strategic technology direction & digital transformation,Sponsor core product architecture modernization & AI/Cloud integration,15.00,Sourced from Development / Vice President
Development,Vice President II,Project / Process,"Enterprise risk, governance & compliance framework",Ensure 100% enterprise risk mitigation and regulatory compliance across markets,10.00,Sourced from Development / Vice President
Development,Vice President II,Internal / External Customer,C-Suite & Board level engagement with partner banks,100% key client executive retention and strategic partnership expansion,10.00,Sourced from Development / Vice President
Development,Vice President II,People,"Leadership vision, organizational development & talent retention",Foster innovation culture; executive retention rate > 92%,10.00,Sourced from Development / Vice President
ENBD,Assistant Vice President,Financial,"Business Unit Revenue, Profitability & P&L Leadership",Achieve assigned annual BU revenue and gross profit targets,25.00,"Sourced from Functional / Delivery / Product / Assistant Vice President [New shelf 25-Sep-2026 — adapted, please review]"
ENBD,Assistant Vice President,Financial,Commercial Strategy & Organic Account Growth,Expand business portfolio by 15%+ through new client contracts and CRs,15.00,"Sourced from Functional / Delivery / Product / Assistant Vice President [New shelf 25-Sep-2026 — adapted, please review]"
ENBD,Assistant Vice President,Project / Process,Portfolio Delivery Governance & Operational Excellence,Ensure 100% portfolio projects meet SLA & timeline benchmarks; 0 regulatory breaches,20.00,"Sourced from Functional / Delivery / Product / Assistant Vice President [New shelf 25-Sep-2026 — adapted, please review]"
ENBD,Assistant Vice President,Project / Process,Strategic Product Modernization & Quality Gates,Sponsor strategic architecture modernization & enterprise process automation,15.00,"Sourced from Functional / Delivery / Product / Assistant Vice President [New shelf 25-Sep-2026 — adapted, please review]"
ENBD,Assistant Vice President,Internal / External Customer,Key Client C-Suite Sponsorship & Relationship Management,Maintain bank C-level satisfaction rating >= 9.2/10; zero major client account loss,13.00,"Sourced from Functional / Delivery / Product / Assistant Vice President [New shelf 25-Sep-2026 — adapted, please review]"
ENBD,Assistant Vice President,People,"Organizational Leadership, Culture & Talent Retention",Drive high-performance culture; keep key talent retention rate > 90%,12.00,"Sourced from Functional / Delivery / Product / Assistant Vice President [New shelf 25-Sep-2026 — adapted, please review]"
ENBD,Project Coordinator,Financial,Project Budget Control & Margin Tracking,Deliver projects within approved budget; project effort variance <= 5%,20.00,"Sourced from Functional / Delivery / Product / Project Manager [New shelf 25-Sep-2026 — adapted, please review]"
ENBD,Project Coordinator,Financial,Resource Allocation Efficiency,Resource addition not more than 10% higher than baseline planned budget,15.00,"Sourced from Functional / Delivery / Product / Project Manager [New shelf 25-Sep-2026 — adapted, please review]"
ENBD,Project Coordinator,Project / Process,"WBS, Milestone Tracking & Zoho Governance",100% adoption of WBS and milestone tracking in Zoho; daily status audits,25.00,"Sourced from Functional / Delivery / Product / Project Manager [New shelf 25-Sep-2026 — adapted, please review]"
ENBD,Project Coordinator,Project / Process,Risk Register Management & Quality Control,Maintain active risk log; mitigate 90%+ risks before milestone impact,20.00,"Sourced from Functional / Delivery / Product / Project Manager [New shelf 25-Sep-2026 — adapted, please review]"
ENBD,Project Coordinator,Internal / External Customer,Client Relationship & Escalation Handling,Acknowledge queries < 24 hrs; drop project escalations by 80%; CSAT >= 8.5/10,10.00,"Sourced from Functional / Delivery / Product / Project Manager [New shelf 25-Sep-2026 — adapted, please review]"
ENBD,Project Coordinator,People,Team Performance Reviews & Attrition Control,Interviews cancellation < 10%; team attrition < 15%; 100% quarterly appraisals,10.00,"Sourced from Functional / Delivery / Product / Project Manager [New shelf 25-Sep-2026 — adapted, please review]"
Finance & Accounts,Manager,Financial,Monthly Financial Closing & Budget Variance Tracking,Close books by the 5th of every month; track actuals vs budget with variance analysis > 5% documented,25.00,
Finance & Accounts,Manager,Financial,Receivables & Payables Management,Maintain AR overdue > 90 days < 5% of total; ensure timely vendor payment processing within 30-day SLA,20.00,
Finance & Accounts,Manager,Project / Process,"Statutory & Regulatory Compliance (GST, TDS)",100% accuracy and timely filing of monthly/quarterly statutory returns; zero late filing penalties,20.00,
Finance & Accounts,Manager,Project / Process,General Ledger & Bank Reconciliation,Reconcile 100% of bank accounts and GL ledgers monthly; resolve discrepancies within 48 hours,15.00,
Finance & Accounts,Manager,Internal / External Customer,Finance Helpdesk Query Resolution,Resolve operational financial queries for internal departments within 24 hours SLA,10.00,
Finance & Accounts,Manager,People,Supervision & Skill Mentorship,Guide team on ERP financial modules; ensure 40 hrs of professional upskilling/year,10.00,
Finance & Accounts,Senior Manager,Financial,Strategic Financial Reporting & P&L Oversight,"Deliver consolidated P&L, Balance Sheet & Cash Flow statements with 100% accuracy; variance analysis vs budget < 3%",25.00,
Finance & Accounts,Senior Manager,Financial,Tax Planning & Compliance Strategy,"Optimize corporate tax liability; ensure 100% on-time filing of GST, TDS, and Advance Tax; zero penalty exposure",20.00,
Finance & Accounts,Senior Manager,Project / Process,Statutory Audit & Internal Financial Controls,Zero significant audit observations; 100% closure of internal control gaps identified in audit,20.00,
Finance & Accounts,Senior Manager,Project / Process,Financial Transformation & Process Automation,Implement finance workflow automation projects reducing manual reconciliation time by 20%,15.00,
Finance & Accounts,Senior Manager,Internal / External Customer,Executive Financial Insights & Stakeholder Management,Provide strategic financial insights to leadership; maintain relationship score with auditors/regulators >= 9/10,10.00,
Finance & Accounts,Senior Manager,People,Team Leadership & Talent Development,Drive high-performance finance team culture; maintain team attrition < 10%; succession plan ready for key roles,10.00,
Functional,Assistant Manager,Financial,Project Margin & Delivery Budget Control,Maintain gross project margin >= 35%; control project effort variance < 5%,20.00,Sourced from Functional / Delivery / Product / Manager; Sourced from Functional / Manager
Functional,Assistant Manager,Financial,Resource Billability & Cost Optimization,Maintain overall team billable resource utilization rate >= 90%,15.00,Sourced from Functional / Delivery / Product / Manager; Sourced from Functional / Manager
Functional,Assistant Manager,Project / Process,Project Milestone Execution & Zoho Governance,100% project milestone tracking and WBS in Zoho; zero project defaults,25.00,Sourced from Functional / Delivery / Product / Manager; Sourced from Functional / Manager
Functional,Assistant Manager,Project / Process,Quality Controls & ISO Process Adherence,100% compliance with CMMI/ISO quality standards; QA defect ratio < 5%,20.00,Sourced from Functional / Delivery / Product / Manager; Sourced from Functional / Manager
Functional,Assistant Manager,Internal / External Customer,Client Escalation Resolution & Satisfaction,Resolve client escalations within 24 hours SLA; CSAT score >= 9/10,10.00,Sourced from Functional / Delivery / Product / Manager; Sourced from Functional / Manager
Functional,Assistant Manager,People,Talent Retention & Performance Appraisals,Keep team attrition < 12%; 100% on-time performance appraisals and check-ins,10.00,Sourced from Functional / Delivery / Product / Manager; Sourced from Functional / Manager
Functional,Assistant Product Manager,Financial,Product Feature Monetization & ROI Support,Track feature adoption metrics driving product revenue and client retention,20.00,Sourced from Functional / Delivery / Product / Assistant Product Manager
Functional,Assistant Product Manager,Financial,Development Cost Optimization for Roadmap Features,Deliver roadmap features within estimated development hours budget,15.00,Sourced from Functional / Delivery / Product / Assistant Product Manager
Functional,Assistant Product Manager,Project / Process,Product Backlog Management & PRD Creation,Maintain prioritized product backlog; deliver detailed PRDs on schedule,25.00,Sourced from Functional / Delivery / Product / Assistant Product Manager
Functional,Assistant Product Manager,Project / Process,Cross-Functional Release Coordination,"Coordinate engineering, QA, and UX teams for 100% on-time product releases",20.00,Sourced from Functional / Delivery / Product / Assistant Product Manager
Functional,Assistant Product Manager,Internal / External Customer,User Feedback Analysis & Feature Adoption CSAT,Achieve feature satisfaction score >= 8.5/10; resolve product queries < 24 hrs,10.00,Sourced from Functional / Delivery / Product / Assistant Product Manager
Functional,Assistant Product Manager,People,Product Domain Research & Skill Growth,Conduct competitor benchmarking; complete 40 hours product management training,10.00,Sourced from Functional / Delivery / Product / Assistant Product Manager
Functional,Assistant Vice President,Financial,"Business Unit Revenue, Profitability & P&L Leadership",Achieve assigned annual BU revenue and gross profit targets,25.00,Sourced from Functional / Delivery / Product / Assistant Vice President
Functional,Assistant Vice President,Financial,Commercial Strategy & Organic Account Growth,Expand business portfolio by 15%+ through new client contracts and CRs,15.00,Sourced from Functional / Delivery / Product / Assistant Vice President
Functional,Assistant Vice President,Project / Process,Portfolio Delivery Governance & Operational Excellence,Ensure 100% portfolio projects meet SLA & timeline benchmarks; 0 regulatory breaches,20.00,Sourced from Functional / Delivery / Product / Assistant Vice President
Functional,Assistant Vice President,Project / Process,Strategic Product Modernization & Quality Gates,Sponsor strategic architecture modernization & enterprise process automation,15.00,Sourced from Functional / Delivery / Product / Assistant Vice President
Functional,Assistant Vice President,Internal / External Customer,Key Client C-Suite Sponsorship & Relationship Management,Maintain bank C-level satisfaction rating >= 9.2/10; zero major client account loss,13.00,Sourced from Functional / Delivery / Product / Assistant Vice President
Functional,Assistant Vice President,People,"Organizational Leadership, Culture & Talent Retention",Drive high-performance culture; keep key talent retention rate > 90%,12.00,Sourced from Functional / Delivery / Product / Assistant Vice President
Functional,Business Analyst,Financial,Requirement Estimation & Scope Variance Control,Deliver clear functional spec ensuring requirement gap causing CR cost variance < 5%,20.00,Sourced from Functional / Delivery / Product / Business Analyst
Functional,Business Analyst,Financial,Cost-Effective Feature Specification,Zero budget overrun resulting from requirement ambiguity or missed business logic,15.00,Sourced from Functional / Delivery / Product / Business Analyst
Functional,Business Analyst,Project / Process,BRD / FSD Creation & Use Case Mapping,100% FSD sign-off by client/product owner before development initiation,25.00,Sourced from Functional / Delivery / Product / Business Analyst
Functional,Business Analyst,Project / Process,UAT Support & Functional Verification,Support UAT execution with zero critical requirement gaps identified during UAT phase,20.00,Sourced from Functional / Delivery / Product / Business Analyst
Functional,Business Analyst,Internal / External Customer,Requirement Walkthroughs & Stakeholder Query SLA,Respond to requirement clarification queries from dev/QA team within 24 hours SLA,10.00,Sourced from Functional / Delivery / Product / Business Analyst
Functional,Business Analyst,People,Domain Upskilling & Continuous Learning,Complete domain & product training; 40 hours of professional development annually,10.00,Sourced from Functional / Delivery / Product / Business Analyst
Functional,Customer Service Representative,Financial,Account Retention via Excellence in Support,Zero account churn resulting from unresolved customer service escalations,20.00,Sourced from Functional / Delivery / Product / Customer Service Representative
Functional,Customer Service Representative,Financial,Operational Cost Control in Helpdesk Ops,Maintain average ticket handle time within standard operational budget benchmarks,15.00,Sourced from Functional / Delivery / Product / Customer Service Representative
Functional,Customer Service Representative,Project / Process,Helpdesk SLA Adherence & First Contact Resolution,Achieve >= 95% SLA compliance on ticket resolution; First Contact Resolution >= 75%,25.00,Sourced from Functional / Delivery / Product / Customer Service Representative
Functional,Customer Service Representative,Project / Process,Incident Logging & Status Tracking in Zoho Desk,"100% accurate incident logging, categorization, and escalation management",20.00,Sourced from Functional / Delivery / Product / Customer Service Representative
Functional,Customer Service Representative,Internal / External Customer,Customer Satisfaction (CSAT) Rating,Maintain customer satisfaction rating >= 90% across all surveyed support tickets,10.00,Sourced from Functional / Delivery / Product / Customer Service Representative
Functional,Customer Service Representative,People,Customer Communication & Product Training,Complete mandatory product & soft skills training; 40 hours learning annually,10.00,Sourced from Functional / Delivery / Product / Customer Service Representative
Functional,Deputy Vice President,Financial,"Division P&L, Revenue Growth & EBIT Targets",Deliver target annual division revenue (15-20% YoY growth) and EBITDA margin,25.00,Sourced from Functional / Delivery / Product / Deputy Vice President
Functional,Deputy Vice President,Financial,OPEX & CAPEX Optimization Strategy,Optimize operational expenditure; zero unbudgeted financial overrun,15.00,Sourced from Functional / Delivery / Product / Deputy Vice President
Functional,Deputy Vice President,Project / Process,Strategic Roadmap Execution & Operational Resilience,Achieve 99.99% operational SLA compliance across division deliverables,20.00,Sourced from Functional / Delivery / Product / Deputy Vice President
Functional,Deputy Vice President,Project / Process,"Governance, Audit & Regulatory Excellence",100% clean audit reports from central bank and enterprise client audits,15.00,Sourced from Functional / Delivery / Product / Deputy Vice President
Functional,Deputy Vice President,Internal / External Customer,Senior Bank Leadership Relationships & Strategic Retention,Maintain C-level client relationship health score >= 9.2/10; 0 account churn,13.00,Sourced from Functional / Delivery / Product / Deputy Vice President
Functional,Deputy Vice President,People,Executive Succession Planning & High-Performance Culture,Build strong middle management leadership pipeline; key talent attrition < 8%,12.00,Sourced from Functional / Delivery / Product / Deputy Vice President
Functional,Implementation Architect,Financial,Implementation Efficiency & Turnaround Optimization,Reduce client deployment cycle time by 15%; ensure zero cost overrun on deployment effort,20.00,Sourced from Functional / Delivery / Product / Implementation Architect
Functional,Implementation Architect,Financial,Solution Reusability & Standardization,Drive 20%+ component reusability across enterprise banking deployments,15.00,Sourced from Functional / Delivery / Product / Implementation Architect
Functional,Implementation Architect,Project / Process,End-to-End Technical Implementation Blueprint & HLD/LLD,100% architectural blueprint approval from client IT/security teams prior to deployment,25.00,Sourced from Functional / Delivery / Product / Implementation Architect
Functional,Implementation Architect,Project / Process,"Integration Architecture, Performance & High Availability",Ensure 99.99% system uptime during UAT/Production go-live; TPS throughput SLA met,20.00,Sourced from Functional / Delivery / Product / Implementation Architect
Functional,Implementation Architect,Internal / External Customer,Bank Enterprise Architect Engagement & Go-Live Signoff,Achieve first-time UAT sign-off rate >= 90%; client CSAT score >= 9/10,10.00,Sourced from Functional / Delivery / Product / Implementation Architect
Functional,Implementation Architect,People,Implementation Knowledge Sharing & Standards Definition,Publish deployment runbooks; mentor implementation engineers; complete 40 hrs training,10.00,Sourced from Functional / Delivery / Product / Implementation Architect
Functional,Implementation Officer,Financial,On-Time Implementation Task Execution,Execute assigned deployment checklists within estimated hours and project budget,20.00,Sourced from Functional / Delivery / Product / Implementation Officer
Functional,Implementation Officer,Financial,Prevent Deployment Re-work Costs,Less than 3% deployment configuration errors requiring re-deployment,15.00,Sourced from Functional / Delivery / Product / Implementation Officer
Functional,Implementation Officer,Project / Process,On-Site / Remote System Installation & Configuration,100% compliance with deployment standard operating procedures (SOPs) and runbooks,25.00,Sourced from Functional / Delivery / Product / Implementation Officer
Functional,Implementation Officer,Project / Process,UAT Patch Deployment & Smoke Testing,Execute UAT deployment patches with 100% accuracy and verify core workflows,20.00,Sourced from Functional / Delivery / Product / Implementation Officer
Functional,Implementation Officer,Internal / External Customer,Client Onboarding Support & Issue Turnaround,Acknowledge client operational support tickets within 15 mins; resolve within SLA,10.00,Sourced from Functional / Delivery / Product / Implementation Officer
Functional,Implementation Officer,People,Technical Skill Growth & Certification,Complete product deployment certifications & 40 hours annual skill training,10.00,Sourced from Functional / Delivery / Product / Implementation Officer
Functional,Manager,Financial,Project Margin & Delivery Budget Control,Maintain gross project margin >= 35%; control project effort variance < 5%,20.00,Sourced from Functional / Delivery / Product / Manager
Functional,Manager,Financial,Resource Billability & Cost Optimization,Maintain overall team billable resource utilization rate >= 90%,15.00,Sourced from Functional / Delivery / Product / Manager
Functional,Manager,Project / Process,Project Milestone Execution & Zoho Governance,100% project milestone tracking and WBS in Zoho; zero project defaults,25.00,Sourced from Functional / Delivery / Product / Manager
Functional,Manager,Project / Process,Quality Controls & ISO Process Adherence,100% compliance with CMMI/ISO quality standards; QA defect ratio < 5%,20.00,Sourced from Functional / Delivery / Product / Manager
Functional,Manager,Internal / External Customer,Client Escalation Resolution & Satisfaction,Resolve client escalations within 24 hours SLA; CSAT score >= 9/10,10.00,Sourced from Functional / Delivery / Product / Manager
Functional,Manager,People,Talent Retention & Performance Appraisals,Keep team attrition < 12%; 100% on-time performance appraisals and check-ins,10.00,Sourced from Functional / Delivery / Product / Manager
Functional,Project Manager,Financial,Project Budget Control & Margin Tracking,Deliver projects within approved budget; project effort variance <= 5%,20.00,Sourced from Functional / Delivery / Product / Project Manager
Functional,Project Manager,Financial,Resource Allocation Efficiency,Resource addition not more than 10% higher than baseline planned budget,15.00,Sourced from Functional / Delivery / Product / Project Manager
Functional,Project Manager,Project / Process,"WBS, Milestone Tracking & Zoho Governance",100% adoption of WBS and milestone tracking in Zoho; daily status audits,25.00,Sourced from Functional / Delivery / Product / Project Manager
Functional,Project Manager,Project / Process,Risk Register Management & Quality Control,Maintain active risk log; mitigate 90%+ risks before milestone impact,20.00,Sourced from Functional / Delivery / Product / Project Manager
Functional,Project Manager,Internal / External Customer,Client Relationship & Escalation Handling,Acknowledge queries < 24 hrs; drop project escalations by 80%; CSAT >= 8.5/10,10.00,Sourced from Functional / Delivery / Product / Project Manager
Functional,Project Manager,People,Team Performance Reviews & Attrition Control,Interviews cancellation < 10%; team attrition < 15%; 100% quarterly appraisals,10.00,Sourced from Functional / Delivery / Product / Project Manager
Functional,Senior Business Analyst,Financial,CR Value Identification & Account Revenue Growth,Identify & document CR opportunities contributing to organic revenue expansion,20.00,Sourced from Functional / Delivery / Product / Senior Business Analyst
Functional,Senior Business Analyst,Financial,Feasibility & Cost-Benefit Analysis,Provide accurate cost-benefit analysis for 100% complex business proposals,15.00,Sourced from Functional / Delivery / Product / Senior Business Analyst
Functional,Senior Business Analyst,Project / Process,BRD / FSD Creation & End-to-End Workflow Mapping,100% comprehensive BRD/FSD approval with < 3% requirement revision rate,25.00,Sourced from Functional / Delivery / Product / Senior Business Analyst
Functional,Senior Business Analyst,Project / Process,Gap Analysis & Regulatory Compliance Mapping,0 regulatory compliance oversight in functional specification documents,20.00,Sourced from Functional / Delivery / Product / Senior Business Analyst
Functional,Senior Business Analyst,Internal / External Customer,Stakeholder Workshop Management & Query Resolution,Achieve client requirement satisfaction rating >= 9/10; 24 hr resolution for queries,10.00,Sourced from Functional / Delivery / Product / Senior Business Analyst
Functional,Senior Business Analyst,People,Junior BA Mentorship & Functional Knowledge Sharing,Mentor business analyst team; conduct quarterly domain training sessions,10.00,Sourced from Functional / Delivery / Product / Senior Business Analyst
Functional,Senior Manager,Financial,Portfolio Financial Management & P&L Oversight,Achieve revenue & operating margin targets across assigned project portfolio,25.00,Sourced from Functional / Delivery / Product / Senior Manager
Functional,Senior Manager,Financial,Account Revenue Expansion via Value Additions,Drive 15%+ organic revenue growth through new modules and change requests,15.00,Sourced from Functional / Delivery / Product / Senior Manager
Functional,Senior Manager,Project / Process,Portfolio Governance & On-Time Project Delivery,98%+ on-time milestone delivery across portfolio; zero critical delivery defaults,20.00,Sourced from Functional / Delivery / Product / Senior Manager
Functional,Senior Manager,Project / Process,"Quality Assurance, Audit & Regulatory Compliance",100% compliance with enterprise risk frameworks & regulatory audits,15.00,Sourced from Functional / Delivery / Product / Senior Manager
Functional,Senior Manager,Internal / External Customer,Senior Client Relationship Management & CSAT,Maintain senior stakeholder CSAT score >= 9/10; quarterly alignment reviews done,13.00,Sourced from Functional / Delivery / Product / Senior Manager
Functional,Senior Manager,People,"Leadership Pipeline, Succession & Retention",Maintain key talent retention rate >= 90%; execute leadership coaching for leads,12.00,Sourced from Functional / Delivery / Product / Senior Manager
Functional,Senior Project Manager,Financial,"Multi-Project Budget, P&L & Revenue Realization",Manage financial performance across multi-project portfolio; variance < 3%,25.00,Sourced from Functional / Delivery / Product / Senior Project Manager
Functional,Senior Project Manager,Financial,Project Profitability Optimization,Improve overall project portfolio gross margin by 3-5% through efficiency,15.00,Sourced from Functional / Delivery / Product / Senior Project Manager
Functional,Senior Project Manager,Project / Process,Program Governance & Strategic Milestone Execution,98%+ milestone delivery adherence across all program tracks; 0 default risk,20.00,Sourced from Functional / Delivery / Product / Senior Project Manager
Functional,Senior Project Manager,Project / Process,Process Transformation & PMO Standardisation,Drive 100% PMO framework compliance; introduce 2 process improvements annually,15.00,Sourced from Functional / Delivery / Product / Senior Project Manager
Functional,Senior Project Manager,Internal / External Customer,Executive Client Engagement & Steering Committee Alignment,Conduct monthly executive steering reviews; client CSAT rating >= 9/10,13.00,Sourced from Functional / Delivery / Product / Senior Project Manager
Functional,Senior Project Manager,People,"PM Mentorship, Resource Planning & Talent Retention",Mentor project managers; maintain team retention rate >= 90%,12.00,Sourced from Functional / Delivery / Product / Senior Project Manager
Functional,Solution Architect,Financial,Implementation Efficiency & Turnaround Optimization,Reduce client deployment cycle time by 15%; ensure zero cost overrun on deployment effort,20.00,Sourced from Functional / Delivery / Product / Implementation Architect; Sourced from Functional / Implementation Architect
Functional,Solution Architect,Financial,Solution Reusability & Standardization,Drive 20%+ component reusability across enterprise banking deployments,15.00,Sourced from Functional / Delivery / Product / Implementation Architect; Sourced from Functional / Implementation Architect
Functional,Solution Architect,Project / Process,End-to-End Technical Implementation Blueprint & HLD/LLD,100% architectural blueprint approval from client IT/security teams prior to deployment,25.00,Sourced from Functional / Delivery / Product / Implementation Architect; Sourced from Functional / Implementation Architect
Functional,Solution Architect,Project / Process,"Integration Architecture, Performance & High Availability",Ensure 99.99% system uptime during UAT/Production go-live; TPS throughput SLA met,20.00,Sourced from Functional / Delivery / Product / Implementation Architect; Sourced from Functional / Implementation Architect
Functional,Solution Architect,Internal / External Customer,Bank Enterprise Architect Engagement & Go-Live Signoff,Achieve first-time UAT sign-off rate >= 90%; client CSAT score >= 9/10,10.00,Sourced from Functional / Delivery / Product / Implementation Architect; Sourced from Functional / Implementation Architect
Functional,Solution Architect,People,Implementation Knowledge Sharing & Standards Definition,Publish deployment runbooks; mentor implementation engineers; complete 40 hrs training,10.00,Sourced from Functional / Delivery / Product / Implementation Architect; Sourced from Functional / Implementation Architect
Functional,Technical Manager,Project / Process,Technical Architecture & Code Review Governance,100% code review coverage; QA/UAT defect ratio < 3%; 0 critical security audit gaps,25.00,Sourced from Functional / Delivery / Product / Technical Manager
Functional,Technical Manager,Financial,Technical Delivery Budget & Margin Assurance,Deliver technical projects within allocated budget; maintain project gross margin >= 35%,20.00,Sourced from Functional / Delivery / Product / Technical Manager
Functional,Technical Manager,Financial,Prevent Re-work & Out-of-Fund Overruns,0 production outage or re-work resulting in project financial penalty,15.00,Sourced from Functional / Delivery / Product / Technical Manager
Functional,Technical Manager,Project / Process,Agile Sprint Tracking & Engineering Process Controls,100% WBS tracking in Zoho/Jira; 95%+ on-time milestone delivery,15.00,Sourced from Functional / Delivery / Product / Technical Manager
Functional,Technical Manager,Internal / External Customer,Client Technical Relationship & Escalation Management,Resolve technical escalations within 12 hours SLA; client satisfaction >= 9/10,13.00,Sourced from Functional / Delivery / Product / Technical Manager
Functional,Technical Manager,People,Technical Team Leadership & Attrition Control,Maintain team attrition < 10%; quarterly performance reviews; 40 hrs training per member,12.00,Sourced from Functional / Delivery / Product / Technical Manager
Functional,Trainee,Financial,Requirement Estimation & Scope Variance Control,Deliver clear functional spec ensuring requirement gap causing CR cost variance < 5%,20.00,Sourced from Functional / Delivery / Product / Business Analyst
Functional,Trainee,Financial,Cost-Effective Feature Specification,Zero budget overrun resulting from requirement ambiguity or missed business logic,15.00,Sourced from Functional / Delivery / Product / Business Analyst
Functional,Trainee,Project / Process,BRD / FSD Creation & Use Case Mapping,100% FSD sign-off by client/product owner before development initiation,25.00,Sourced from Functional / Delivery / Product / Business Analyst
Functional,Trainee,Project / Process,UAT Support & Functional Verification,Support UAT execution with zero critical requirement gaps identified during UAT phase,20.00,Sourced from Functional / Delivery / Product / Business Analyst
Functional,Trainee,Internal / External Customer,Requirement Walkthroughs & Stakeholder Query SLA,Respond to requirement clarification queries from dev/QA team within 24 hours SLA,10.00,Sourced from Functional / Delivery / Product / Business Analyst
Functional,Trainee,People,Domain Upskilling & Continuous Learning,Complete domain & product training; 40 hours of professional development annually,10.00,Sourced from Functional / Delivery / Product / Business Analyst
HR,Assistant Manager,Financial,HR Operational Budget Execution & Event Cost Control,Execute HR engagement activities and onboarding within allocated quarterly budget limits,20.00,
HR,Assistant Manager,Financial,Vendor Management & Invoice Accuracy,"Process HR vendor invoices (job boards, background verification) with 100% billing accuracy",15.00,
HR,Assistant Manager,Project / Process,Onboarding Execution & HR Operations Monitoring,Ensure 100% seamless Day-1 onboarding experience and background verification (BGV) completion within 30 days,25.00,
HR,Assistant Manager,Project / Process,Employee Records & Compliance Audit Readiness,100% audit-ready personnel files and statutory HR records maintenance; error rate < 1%,20.00,
HR,Assistant Manager,Internal / External Customer,HR Helpdesk Escalation SLA & Employee Support,Resolve employee query tickets within 24 hours SLA; achieve HR service satisfaction >= 85%,10.00,
HR,Assistant Manager,People,Team Coordination & Professional Upskilling,Execute quarterly team check-ins; complete 40 hours of professional HR training annually,10.00,
HR,Executive,People,Team Collaboration & Learning,Participate actively in team briefings; complete 40 hours professional HR skill training annually,10.00,
HR,Executive,Financial,HR Administrative Task Execution within Budget,Execute routine HR administrative tasks within standard allocated time and effort parameters,20.00,
HR,Executive,Financial,Data Entry Accuracy & Compliance,Maintain 100% accuracy in employee data entry and HR report generation in HRMS,15.00,
HR,Executive,Project / Process,Daily HR Operational Checklist & Workflow SLA,"100% on-time completion of daily HR task checklists, attendance tracking, and filing",25.00,
HR,Executive,Project / Process,Background Verification (BGV) & Document Collection,Collect 100% mandatory employee documents during onboarding; initiate BGV on Day 1,20.00,
HR,Executive,Internal / External Customer,Frontline Employee Support & Query Turnaround,Acknowledge employee queries within 2 hours; resolve standard HR requests within 24 hours SLA,10.00,
HR,Manager,Financial,BU Headcount Budget Adherence & Manpower Planning,Ensure business unit staffing remains within approved operational budget (+/- 2% variance),20.00,Sourced from HR / Manager HRBP
HR,Manager,Financial,Employee Retention Cost Impact,Mitigate attrition costs by achieving target employee retention rate in assigned division,15.00,Sourced from HR / Manager HRBP
HR,Manager,Project / Process,Performance Management System (PMS) Implementation,100% completion of quarterly performance reviews and IDP tracking for assigned business units,25.00,Sourced from HR / Manager HRBP
HR,Manager,Project / Process,Employee Relations & HR Policy Adherence,100% compliance with statutory labor regulations and internal code of conduct policies,15.00,Sourced from HR / Manager HRBP
HR,Manager,Internal / External Customer,Business Unit Support & Escalation Resolution,Acknowledge employee queries < 4 hrs; resolve internal grievances within 24 hours SLA,13.00,Sourced from HR / Manager HRBP
HR,Manager,People,Talent Development & Career Path Alignment,Drive 100% IDP completion for high-potential employees; conduct monthly BU check-ins,12.00,Sourced from HR / Manager HRBP
HR,Senior Executive,Financial,HR Process Efficiency & Cost Reduction Initiatives,Identify & implement process improvements in HR ops saving 10% administrative processing effort,20.00,
HR,Senior Executive,Financial,Payroll Input Accuracy & Benefit Cost Verification,"Ensure 100% accurate payroll inputs (attendance, leave, OT) submitted to finance without error",15.00,
HR,Senior Executive,Project / Process,HRMS Data Management & Employee Lifecycle Operations,"100% accurate HRMS updates for joiners, transfers, exits, and probation confirmations",25.00,
HR,Senior Executive,Project / Process,Exit Management & Full & Final (F&F) Settlement Processing,Complete exit clearance and F&F processing within 30 days SLA of employee exit,20.00,
HR,Senior Executive,Internal / External Customer,Employee Query SLA & Helpdesk Support,Acknowledge queries < 2 hours; resolve HR operational tickets within 24 hours SLA,10.00,
HR,Senior Executive,People,Cross-Functional Collaboration & Training,Train junior HR executives; complete 40 hours of advanced HR operations training annually,10.00,
HR,Senior Manager,Financial,Departmental HR Budgeting & Manpower Cost Assurance,Align business unit hiring with approved headcount budget; maintain department cost-per-hire targets,20.00,Sourced from HR / Senior Manager HRBP
HR,Senior Manager,Financial,Retention-Driven Cost Savings,Reduce replacement hiring costs by achieving targeted retention rates in assigned business units,15.00,Sourced from HR / Senior Manager HRBP
HR,Senior Manager,Project / Process,Business HR Strategic Alignment & Performance Appraisal Governance,"100% on-time execution of performance appraisal cycles, PIPs, and 9-box talent reviews",25.00,Sourced from HR / Senior Manager HRBP
HR,Senior Manager,Project / Process,Employee Engagement & HR Policy Compliance,Execute quarterly engagement calendars; 100% compliance with labor laws and internal HR policies,15.00,Sourced from HR / Senior Manager HRBP
HR,Senior Manager,Internal / External Customer,Business Unit Leadership Partnering & Grievance SLA,Provide proactive HR advisory to BU Heads; resolve employee grievances within 48 hours SLA,13.00,Sourced from HR / Senior Manager HRBP
HR,Senior Manager,People,BU Talent Retention & Leadership Succession Coaching,Keep assigned BU attrition < 12%; drive employee career development plans and mentorship,12.00,Sourced from HR / Senior Manager HRBP
HR,Senior Manager HR,Financial,Departmental HR Budgeting & Manpower Cost Assurance,Align business unit hiring with approved headcount budget; maintain department cost-per-hire targets,20.00,Sourced from HR / Senior Manager HRBP; Sourced from HR / Senior Manager
HR,Senior Manager HR,Financial,Retention-Driven Cost Savings,Reduce replacement hiring costs by achieving targeted retention rates in assigned business units,15.00,Sourced from HR / Senior Manager HRBP; Sourced from HR / Senior Manager
HR,Senior Manager HR,Project / Process,Business HR Strategic Alignment & Performance Appraisal Governance,"100% on-time execution of performance appraisal cycles, PIPs, and 9-box talent reviews",25.00,Sourced from HR / Senior Manager HRBP; Sourced from HR / Senior Manager
HR,Senior Manager HR,Project / Process,Employee Engagement & HR Policy Compliance,Execute quarterly engagement calendars; 100% compliance with labor laws and internal HR policies,15.00,Sourced from HR / Senior Manager HRBP; Sourced from HR / Senior Manager
HR,Senior Manager HR,Internal / External Customer,Business Unit Leadership Partnering & Grievance SLA,Provide proactive HR advisory to BU Heads; resolve employee grievances within 48 hours SLA,13.00,Sourced from HR / Senior Manager HRBP; Sourced from HR / Senior Manager
HR,Senior Manager HR,People,BU Talent Retention & Leadership Succession Coaching,Keep assigned BU attrition < 12%; drive employee career development plans and mentorship,12.00,Sourced from HR / Senior Manager HRBP; Sourced from HR / Senior Manager
HR,Vice President I,Financial,HR Cost Optimization & Budget Management,Maintain HR OPEX and recruitment cost-per-hire within approved annual budget (+/- 3% variance),20.00,Sourced from HR / Vice President
HR,Vice President I,Financial,Human Capital ROI & Workforce Productivity,Drive organizational productivity metrics and optimize employee benefit costs relative to revenue,15.00,Sourced from HR / Vice President
HR,Vice President I,Project / Process,HR Digital Transformation & HRMS Automation,Sponsor AI-driven HRMS automation; achieve 95%+ digitized appraisal and HR operations adoption,20.00,Sourced from HR / Vice President
HR,Vice President I,Project / Process,Strategic Talent Acquisition & Leadership Pipeline,100% executive leadership hiring SLA adherence; establish robust succession planning across critical roles,15.00,Sourced from HR / Vice President
HR,Vice President I,Internal / External Customer,Employee Net Promoter Score (eNPS) & Organizational Culture,"Achieve overall corporate eNPS >= 80%; foster an inclusive, high-performance work culture",15.00,Sourced from HR / Vice President
HR,Vice President I,People,Enterprise Attrition Control & Executive Retention,Maintain company-wide attrition < 10% and key leadership talent retention rate > 92%,15.00,Sourced from HR / Vice President
INFRA,Complaint Executive,Internal / External Customer,External User / Client Service Request CSAT,• Achieve External Client CSAT Score >= 8.5/10 (8.8/10 for Senior) on query handling & assistance. • Respond to inbound customer/partner infrastructure requests with courtesy and speed.,15.00,Sourced from INFRA / Executive
INFRA,Complaint Executive,Internal / External Customer,Internal Team Coordination & Support CSAT,"• Achieve Internal CSAT Score >= 8.8/10 from immediate supervisors and internal peers. • Provide prompt support to senior engineers, helpdesk staff, and cross-functional teams.",15.00,Sourced from INFRA / Executive
INFRA,Complaint Executive,Quality & Accuracy,Operational Quality Guidelines & Error Reduction,"• Maintain zero repeat errors in system configuration, task execution, or data logging. • Strictly comply with operational checklists, system runbooks, and quality guidelines.",15.00,Sourced from INFRA / Executive
INFRA,Complaint Executive,System Maintenance,Ticketing Portal Data Entry & System Log Maintenance,"• Log 100% of infrastructure tickets, system changes, and status updates accurately in Jira/Zoho. • Maintain complete and up-to-date operational logs for daily supervisor verification.",10.00,Sourced from INFRA / Executive
INFRA,Complaint Executive,Process & Compliance,SOP Adherence & Information Security Compliance,"• Strictly follow operational SOPs, ISO 27001 data security norms, and company policies. • Ensure zero unauthorized system access or information security policy non-compliance.",10.00,Sourced from INFRA / Executive
INFRA,Complaint Executive,Issue Resolution,First-Contact Resolution & Ticket Escalation TAT,• Resolve routine infrastructure tickets within 30 minutes turnaround time. • Escalate complex technical blockers to senior engineers promptly with detailed diagnostic logs.,10.00,Sourced from INFRA / Executive
INFRA,Complaint Executive,Learning & Discipline,"Role Training Completion, Attendance & Punctuality",• Complete mandatory role-based technical training paths and certifications on schedule. • Maintain 100% attendance punctuality and adhere to workplace discipline standards.,10.00,Sourced from INFRA / Executive
INFRA,Complaint Executive,Daily Execution,Infrastructure Task Execution & Operational Output SLA,"• Process daily infrastructure tickets, user access requests, and system tasks with 99%+ accuracy. • Complete assigned operational deliverables within established turnaround time (TAT) bounds.",15.00,Sourced from INFRA / Executive
INFRA,Deputy Vice President,Internal / External Customer,External Client SLA & Data Center Infrastructure CSAT,• Achieve External Client CSAT Score >= 9.2/10 for platform reliability and infrastructure uptime SLAs. • Lead C-level client infrastructure audits and executive steering committee reviews.,15.00,
INFRA,Deputy Vice President,Internal / External Customer,"Internal Development, SRE & Operations Alignment CSAT","• Achieve Internal Stakeholder CSAT Score >= 9.0/10 from Application, SRE & Product Engineering leads. • Ensure seamless infrastructure provisioning and environment support for build/release cycles.",10.00,
INFRA,Deputy Vice President,Financial Performance,Enterprise Infra OPEX/CAPEX Budget Governance,"• Formulate and manage yearly INFRA budget (OPEX & CAPEX) across data centers, cloud hosts, and network hubs. • Drive infrastructure optimization strategies to achieve 8–10% YoY savings on hosting, licensing, and bandwidth spend.",15.00,
INFRA,Deputy Vice President,Financial Governance,"Cloud, Telecom & Hardware Contract Cost Control","• Optimize data center space, cloud instance sizing, telecom circuits, and OEM maintenance contract costs. • Control infrastructure expenditure variance strictly within +/- 3% of approved annual budget baseline.",15.00,
INFRA,Deputy Vice President,Service & Delivery,Enterprise Infrastructure Availability & Uptime Governance,"• Guarantee 99.99%+ availability across core production data centers, database RAC clusters, and network backbones. • Zero high-severity extended infrastructure outages across enterprise client tracks.",15.00,
INFRA,Deputy Vice President,Risk & Security,"Data Center Security, ISO 27001, DR & Compliance","• Maintain 100% compliance with ISO 27001, SOC2, PCI-DSS, and regulatory data privacy guidelines. • Ensure 100% successful bi-annual Disaster Recovery (DR) drills meeting RPO/RTO targets with zero data loss.",10.00,
INFRA,Deputy Vice President,Process & Automation,"Infrastructure-as-Code (IaC), Automation & Modernization","• Drive 100% adoption of IaC (Terraform/Ansible), containerization, and automated environment provisioning. • Achieve >= 25% reduction in manual infrastructure operational toil.",10.00,
INFRA,Deputy Vice President,People & Leadership,Infrastructure Capability Building & Talent Retention,• Build high-performing infrastructure engineering capability; mentor managers and lead architects. • Maintain INFRA department key talent retention rate >= 90%.,10.00,
INFRA,Executive,Internal / External Customer,External User / Client Service Request CSAT,• Achieve External Client CSAT Score >= 8.5/10 (8.8/10 for Senior) on query handling & assistance. • Respond to inbound customer/partner infrastructure requests with courtesy and speed.,15.00,
INFRA,Executive,Internal / External Customer,Internal Team Coordination & Support CSAT,"• Achieve Internal CSAT Score >= 8.8/10 from immediate supervisors and internal peers. • Provide prompt support to senior engineers, helpdesk staff, and cross-functional teams.",15.00,
INFRA,Executive,Quality & Accuracy,Operational Quality Guidelines & Error Reduction,"• Maintain zero repeat errors in system configuration, task execution, or data logging. • Strictly comply with operational checklists, system runbooks, and quality guidelines.",15.00,
INFRA,Executive,System Maintenance,Ticketing Portal Data Entry & System Log Maintenance,"• Log 100% of infrastructure tickets, system changes, and status updates accurately in Jira/Zoho. • Maintain complete and up-to-date operational logs for daily supervisor verification.",10.00,
INFRA,Executive,Process & Compliance,SOP Adherence & Information Security Compliance,"• Strictly follow operational SOPs, ISO 27001 data security norms, and company policies. • Ensure zero unauthorized system access or information security policy non-compliance.",10.00,
INFRA,Executive,Issue Resolution,First-Contact Resolution & Ticket Escalation TAT,• Resolve routine infrastructure tickets within 30 minutes turnaround time. • Escalate complex technical blockers to senior engineers promptly with detailed diagnostic logs.,10.00,
INFRA,Executive,Learning & Discipline,"Role Training Completion, Attendance & Punctuality",• Complete mandatory role-based technical training paths and certifications on schedule. • Maintain 100% attendance punctuality and adhere to workplace discipline standards.,10.00,
INFRA,Executive,Daily Execution,Infrastructure Task Execution & Operational Output SLA,"• Process daily infrastructure tickets, user access requests, and system tasks with 99%+ accuracy. • Complete assigned operational deliverables within established turnaround time (TAT) bounds.",15.00,
INFRA,Implementation Consultant,Financial,On-Time Implementation Task Execution,Execute assigned deployment checklists within estimated hours and project budget,20.00,Sourced from Functional / Delivery / Product / Implementation Officer; Sourced from Functional / Implementation Officer
INFRA,Implementation Consultant,Financial,Prevent Deployment Re-work Costs,Less than 3% deployment configuration errors requiring re-deployment,15.00,Sourced from Functional / Delivery / Product / Implementation Officer; Sourced from Functional / Implementation Officer
INFRA,Implementation Consultant,Project / Process,On-Site / Remote System Installation & Configuration,100% compliance with deployment standard operating procedures (SOPs) and runbooks,25.00,Sourced from Functional / Delivery / Product / Implementation Officer; Sourced from Functional / Implementation Officer
INFRA,Implementation Consultant,Project / Process,UAT Patch Deployment & Smoke Testing,Execute UAT deployment patches with 100% accuracy and verify core workflows,20.00,Sourced from Functional / Delivery / Product / Implementation Officer; Sourced from Functional / Implementation Officer
INFRA,Implementation Consultant,Internal / External Customer,Client Onboarding Support & Issue Turnaround,Acknowledge client operational support tickets within 15 mins; resolve within SLA,10.00,Sourced from Functional / Delivery / Product / Implementation Officer; Sourced from Functional / Implementation Officer
INFRA,Implementation Consultant,People,Technical Skill Growth & Certification,Complete product deployment certifications & 40 hours annual skill training,10.00,Sourced from Functional / Delivery / Product / Implementation Officer; Sourced from Functional / Implementation Officer
INFRA,Lead,Internal / External Customer,External Client Technical Advisory & Deployment CSAT,• Achieve External Client CSAT Score >= 9.0/10 during infrastructure go-live and migration phases. • Provide expert technical advisory during client technical reviews and architecture sign-offs.,15.00,
INFRA,Lead,Internal / External Customer,Internal Development & SRE Support CSAT,"• Achieve Internal Technical CSAT Score >= 9.0/10 from Application Development, SRE & QA teams. • Provide swift tier-3 technical troubleshooting for complex infrastructure issues.",15.00,
INFRA,Lead,Technical Delivery,"Core Infrastructure Architecture, Build & Integration","• Lead deployment, configuration, and integration of complex database, network, and OS clusters. • Complete technical infrastructure milestones on schedule with zero post-deployment defects.",15.00,
INFRA,Lead,System Performance,Infrastructure Performance Tuning & High Availability,"• Optimize database query performance, kernel parameters, and network throughput. • Ensure high availability (HA) clustering and failover readiness across production nodes.",15.00,
INFRA,Lead,Security & Hardening,"System Hardening, Vulnerability Management & Access Controls","• Implement OS/DB/Network security hardening benchmarks (CIS benchmarks, OWASP). • Ensure zero unauthorized access occurrences or unpatched critical vulnerabilities.",10.00,
INFRA,Lead,Automation & Scripting,"Infrastructure Automation, Scripting & CI/CD Pipeline Support","• Automate routine administrative tasks using Shell, Python, Ansible, or Terraform scripts. • Increase automated deployment coverage for environment provisioning by >= 25%.",10.00,
INFRA,Lead,Documentation & Sops,"Infrastructure Topology Blueprints, Runbooks & SOPs","• Author 100% up-to-date network/architecture blueprints, failover runbooks, and recovery SOPs. • Maintain complete, clear documentation for L1/L2 operations teams.",10.00,
INFRA,Lead,Mentorship & Knowledge,"Technical Skill Transfer, Peer Reviews & Team Mentorship","• Conduct regular peer configuration reviews and technical knowledge-sharing sessions. • Mentor junior system, network, and database administrators.",10.00,
INFRA,Linux Administrator,Internal / External Customer,External Client OS Stability & Infrastructure CSAT,• Achieve External Client CSAT Score >= 8.8/10 on OS environment stability and uptime. • Support client infrastructure audits and technical environment validations.,15.00,
INFRA,Linux Administrator,Internal / External Customer,"Internal Development, QA & Support Team CSAT","• Achieve Internal CSAT Score >= 8.8/10 from Application Development, QA & DevOps leads. • Provision Linux server instances and handle user access requests within SLA bounds.",15.00,
INFRA,Linux Administrator,Server Performance,"Server Hardening, Resource Tuning & Storage Management","• Optimize Linux kernel parameters, CPU/Memory utilization, and LVM storage pools. • Enforce CIS OS hardening benchmarks across 100% production server endpoints.",15.00,
INFRA,Linux Administrator,Security & Access,"SSH Key Governance, LDAP/AD Integration & Security","• Enforce strict SSH key management, sudo access rights, and Active Directory integration. • Ensure zero unauthorized root access occurrences or unmonitored login attempts.",10.00,
INFRA,Linux Administrator,Automation & Scripting,Shell / Python / Ansible Scripting & Automation,"• Automate routine OS health checks, log rotations, user creation, and backup scripts. • Drive automated configuration management using Ansible or Puppet playbooks.",10.00,
INFRA,Linux Administrator,Monitoring & Recovery,"Server Telemetry, Backup Validations & SOPs","• Monitor OS health metrics (load average, disk I/O, swap) via Zabbix/Prometheus. • Ensure 100% daily OS system state backup execution and author recovery runbooks.",10.00,
INFRA,Linux Administrator,Incident Handling,"OS Incident Resolution, RCA & Technical Skill Upgrade","• Resolve OS crash, kernel panic, and file system corruption incidents within SLA. • Publish detailed RCA reports for high-severity OS incidents and upskill junior admins.",10.00,
INFRA,Linux Administrator,Os Availability,Linux / OS Infrastructure Availability & Patch Management,• Maintain 99.95% server availability across RHEL/CentOS/Ubuntu enterprise environments. • Execute monthly OS kernel patching and vulnerability remediations with zero outage impact.,15.00,
INFRA,Manager,Internal / External Customer,External Client Infrastructure Incident Resolution CSAT,"• Achieve External Client CSAT Score >= 8.8/10 for infrastructure incident resolution and uptime SLAs. • Ensure timely, transparent incident communication and post-incident reporting to client leads.",15.00,
INFRA,Manager,Internal / External Customer,Internal Technical Team Support & Service Desk CSAT,"• Achieve Internal Technical CSAT Score >= 8.8/10 from App Dev, QA & Implementation leads. • Fulfill internal environment provisioning and access requests within defined SLA bounds.",15.00,
INFRA,Manager,Operational Slas,"Data Center, OS & Database Infrastructure SLA Governance","• Ensure 99.95%+ availability across assigned server, database, and network infrastructure pools. • Manage infrastructure change requests (CRs) and maintenance windows with zero unapproved downtime.",15.00,
INFRA,Manager,Cost & Effort Control,Infra Asset Utilization & Effort Leakage Control,"• Optimize server sizing, virtualization ratios, and storage allocation to prevent resource wastage. • Keep infrastructure operational effort leakage/rework costs <= 5%.",15.00,
INFRA,Manager,Quality & Incident Sla,Infrastructure Incident MTTR & Root Cause Analysis (RCA),• Reduce Mean Time to Resolve (MTTR < 30 mins) for priority P1/P2 infrastructure alerts. • Publish 100% comprehensive RCA reports within 24 hours of incident resolution.,10.00,
INFRA,Manager,Risk & Audit Compliance,Infra Vulnerability Patching & Security Audit Compliance,"• Ensure 100% monthly security patch compliance across OS, DB, and network appliances. • Zero critical vulnerability findings in internal/external infrastructure security audits.",10.00,
INFRA,Manager,Tracking & Dashboards,Infrastructure Health Monitoring & Capacity Planning,• Deploy 100% monitoring coverage across infra endpoints using Zabbix/Prometheus/Grafana. • Perform monthly capacity planning reviews to predict compute/storage/bandwidth bottlenecks early.,10.00,
INFRA,Manager,People & Mentorship,"Infrastructure Team Guidance, On-Call Roster & Retention",• Oversee 24x7 on-call shift rosters and manage team duty allocations effectively. • Mentor system/network engineers and maintain team retention rate >= 88%.,10.00,
INFRA,Network Engineer,Internal / External Customer,External Client Network Connectivity CSAT,"• Achieve External Client CSAT Score >= 8.8/10 on network stability, VPN access, and low latency. • Resolve client site-to-site VPN and connectivity tickets within defined SLA turnaround times.",15.00,
INFRA,Network Engineer,Internal / External Customer,Internal Engineering & Security Team CSAT,"• Achieve Internal CSAT Score >= 8.8/10 from Application, Infrastructure & Security teams. • Provision network subnets, VLANs, and firewall access requests within 4 hours SLA.",15.00,
INFRA,Network Engineer,Network Uptime,Core Network & Security Appliance Availability,"• Maintain 99.99% uptime across firewalls, switches, routers, VPN gateways, and load balancers. • Ensure zero unapproved network outages or routing loops across data center backbones.",15.00,
INFRA,Network Engineer,Network Security,"Firewall Policy Management, DMZ Hardening & Intrusion Prevention","• Manage firewall rules (Cisco/Fortinet/Palo Alto), IPS/IDS definitions, and VPN tunnels. • Conduct regular rulebase audits to eliminate redundant or risky network access rules.",15.00,
INFRA,Network Engineer,Vulnerability & Audit,"Network Security Audit, SIEM Log Analysis & Threat Mitigation","• Monitor SIEM logs and network traffic anomalies 24x7; mitigate security threats swiftly. • Ensure 100% compliance with network security audits, vulnerability scans, and penetration tests.",10.00,
INFRA,Network Engineer,Bandwidth & Qos,"Bandwidth Management, Traffic Shaping & QoS Optimization","• Monitor ISP link utilization, WAN latency, and configure Quality of Service (QoS) policies. • Prevent network congestion bottlenecks during peak transactional volume hours.",10.00,
INFRA,Network Engineer,Dr & Failover,"Network Failover Validation, Redundancy & SOPs","• Ensure 100% failover capability across redundant ISP links and secondary firewall pairs. • Author updated network topology diagrams, IP schema sheets, and disaster recovery SOPs.",10.00,
INFRA,Network Engineer,Incident Response,"Network Incident Resolution, RCA & Certification","• Resolve network outages, packet loss, and VPN drop incidents within SLA bounds. • Publish RCAs for major network incidents and achieve advanced network/security certifications.",10.00,
INFRA,Network Security Engineer,Internal / External Customer,External Client Network Connectivity CSAT,"• Achieve External Client CSAT Score >= 8.8/10 on network stability, VPN access, and low latency. • Resolve client site-to-site VPN and connectivity tickets within defined SLA turnaround times.",15.00,
INFRA,Network Security Engineer,Internal / External Customer,Internal Engineering & Security Team CSAT,"• Achieve Internal CSAT Score >= 8.8/10 from Application, Infrastructure & Security teams. • Provision network subnets, VLANs, and firewall access requests within 4 hours SLA.",15.00,
INFRA,Network Security Engineer,Network Uptime,Core Network & Security Appliance Availability,"• Maintain 99.99% uptime across firewalls, switches, routers, VPN gateways, and load balancers. • Ensure zero unapproved network outages or routing loops across data center backbones.",15.00,
INFRA,Network Security Engineer,Network Security,"Firewall Policy Management, DMZ Hardening & Intrusion Prevention","• Manage firewall rules (Cisco/Fortinet/Palo Alto), IPS/IDS definitions, and VPN tunnels. • Conduct regular rulebase audits to eliminate redundant or risky network access rules.",15.00,
INFRA,Network Security Engineer,Vulnerability & Audit,"Network Security Audit, SIEM Log Analysis & Threat Mitigation","• Monitor SIEM logs and network traffic anomalies 24x7; mitigate security threats swiftly. • Ensure 100% compliance with network security audits, vulnerability scans, and penetration tests.",10.00,
INFRA,Network Security Engineer,Bandwidth & Qos,"Bandwidth Management, Traffic Shaping & QoS Optimization","• Monitor ISP link utilization, WAN latency, and configure Quality of Service (QoS) policies. • Prevent network congestion bottlenecks during peak transactional volume hours.",10.00,
INFRA,Network Security Engineer,Dr & Failover,"Network Failover Validation, Redundancy & SOPs","• Ensure 100% failover capability across redundant ISP links and secondary firewall pairs. • Author updated network topology diagrams, IP schema sheets, and disaster recovery SOPs.",10.00,
INFRA,Network Security Engineer,Incident Response,"Network Incident Resolution, RCA & Certification","• Resolve network outages, packet loss, and VPN drop incidents within SLA bounds. • Publish RCAs for major network incidents and achieve advanced network/security certifications.",10.00,
INFRA,Oracle DBA,Internal / External Customer,External Client Database Reliability CSAT,• Achieve External Client CSAT Score >= 8.8/10 (9.0/10 for Sr.) on database stability and query TAT. • Resolve client database performance and data refresh queries within SLA bounds.,15.00,
INFRA,Oracle DBA,Internal / External Customer,Internal App Dev & SRE Team CSAT,"• Achieve Internal CSAT Score >= 8.8/10 (9.0/10 for Sr.) from Application Developers & SREs. • Provide prompt database schema execution, migration support, and query tuning guidance.",15.00,
INFRA,Oracle DBA,Performance Tuning,"Database Performance Tuning, RMAN Backup & Recovery","• Optimize SQL queries, index structures, SGA/PGA memory, and I/O bottlenecks. • Ensure 100% successful daily RMAN backup execution and quarterly restoration validations.",15.00,
INFRA,Oracle DBA,Security & Patching,"Database Security, CPU/PSU Patching & User Access Controls",• Deploy quarterly Oracle CPU/PSU security patches across 100% assigned database instances. • Enforce strict database user access governance and data encryption at rest/in transit.,10.00,
INFRA,Oracle DBA,Disaster Recovery,"Data Guard Sync, DR Drill Execution & RPO/RTO Targets","• Maintain zero Data Guard replication lag between primary and standby database sites. • Execute bi-annual DR drills successfully, meeting RPO=0 and RTO < 15 mins targets.",10.00,
INFRA,Oracle DBA,Monitoring & Sops,"Database Health Monitoring, Space Management & SOPs","• Monitor OEM (Oracle Enterprise Manager) alerts, tablespace growth, and archivelog usage 24x7. • Author standard database backup/recovery SOPs and maintenance runbooks.",10.00,
INFRA,Oracle DBA,Troubleshooting & Skills,"Database Incident Resolution, RCA & Skill Upgrade","• Resolve database locks, deadlock incidents, and performance degradation within target SLA. • Complete advanced Oracle certifications (OCI/RAC) and share knowledge with junior DBAs.",10.00,
INFRA,Oracle DBA,Database Uptime,"Oracle Database Availability, RAC & Data Guard Governance",• Maintain 99.99% database availability across production Oracle RAC & Data Guard standby nodes. • Ensure zero unapproved database downtime and sub-second transaction response times.,15.00,
INFRA,Recon Executive,Internal / External Customer,External Banking Partner & Merchant Recon CSAT,• Achieve External Bank Partner & Merchant CSAT Score >= 8.8/10 on settlement query TAT. • Address external recon queries and chargeback statements with speed and accuracy.,15.00,
INFRA,Recon Executive,Internal / External Customer,"Internal Finance, Accounts & Operations CSAT","• Achieve Internal Stakeholder CSAT Score >= 8.8/10 from Accounts, Finance & Operations leads. • Deliver accurate daily reconciliation summaries and cash flow impact reports on schedule.",15.00,
INFRA,Recon Executive,Recon Execution,Financial & Transactional Reconciliation Execution,"• Perform daily, weekly, and monthly transaction reconciliation across payment systems/gateways. • Maintain 99.9%+ accuracy in matching transaction logs, bank settlements, and ledger entries.",15.00,
INFRA,Recon Executive,Discrepancy Resolution,Un-reconciled Item Analysis & Exception Management,"• Identify, investigate, and resolve transactional discrepancies and settlement mismatches. • Ensure 100% of exception items are cleared within established SLA turnaround times.",15.00,
INFRA,Recon Executive,Audit & Compliance,Reconciliation Audit Compliance & Record Keeping,"• Ensure 100% compliance with financial reconciliation SOPs, RBI norms, and internal audit rules. • Maintain clean, complete reconciliation workbooks and audit trail documentation.",10.00,
INFRA,Recon Executive,Process Automation,Reconciliation Tooling & Process Optimization,• Assist in testing and implementing automated reconciliation scripts and tool rules. • Reduce manual reconciliation file processing time by >= 20%.,10.00,
INFRA,Recon Executive,Reporting & Mis,Daily / Monthly Settlement MIS Dashboard Updates,"• Publish daily settlement status reports, outstanding aging analysis, and discrepancy trackers. • Ensure zero unreported financial variance in reconciliation statements.",10.00,
INFRA,Recon Executive,Discipline & Learning,"Operational Discipline, Training & Punctuality",• Complete mandatory compliance and domain training modules on time. • Maintain 100% attendance punctuality and adhere strictly to operational security SOPs.,10.00,
INFRA,Security Analyst,Internal / External Customer,External Client Network Connectivity CSAT,"• Achieve External Client CSAT Score >= 8.8/10 on network stability, VPN access, and low latency. • Resolve client site-to-site VPN and connectivity tickets within defined SLA turnaround times.",15.00,
INFRA,Security Analyst,Internal / External Customer,Internal Engineering & Security Team CSAT,"• Achieve Internal CSAT Score >= 8.8/10 from Application, Infrastructure & Security teams. • Provision network subnets, VLANs, and firewall access requests within 4 hours SLA.",15.00,
INFRA,Security Analyst,Network Uptime,Core Network & Security Appliance Availability,"• Maintain 99.99% uptime across firewalls, switches, routers, VPN gateways, and load balancers. • Ensure zero unapproved network outages or routing loops across data center backbones.",15.00,
INFRA,Security Analyst,Network Security,"Firewall Policy Management, DMZ Hardening & Intrusion Prevention","• Manage firewall rules (Cisco/Fortinet/Palo Alto), IPS/IDS definitions, and VPN tunnels. • Conduct regular rulebase audits to eliminate redundant or risky network access rules.",15.00,
INFRA,Security Analyst,Vulnerability & Audit,"Network Security Audit, SIEM Log Analysis & Threat Mitigation","• Monitor SIEM logs and network traffic anomalies 24x7; mitigate security threats swiftly. • Ensure 100% compliance with network security audits, vulnerability scans, and penetration tests.",10.00,
INFRA,Security Analyst,Bandwidth & Qos,"Bandwidth Management, Traffic Shaping & QoS Optimization","• Monitor ISP link utilization, WAN latency, and configure Quality of Service (QoS) policies. • Prevent network congestion bottlenecks during peak transactional volume hours.",10.00,
INFRA,Security Analyst,Dr & Failover,"Network Failover Validation, Redundancy & SOPs","• Ensure 100% failover capability across redundant ISP links and secondary firewall pairs. • Author updated network topology diagrams, IP schema sheets, and disaster recovery SOPs.",10.00,
INFRA,Security Analyst,Incident Response,"Network Incident Resolution, RCA & Certification","• Resolve network outages, packet loss, and VPN drop incidents within SLA bounds. • Publish RCAs for major network incidents and achieve advanced network/security certifications.",10.00,
INFRA,Senior Administrator - Network and System,Internal / External Customer,External Client Network Connectivity CSAT,"• Achieve External Client CSAT Score >= 8.8/10 on network stability, VPN access, and low latency. • Resolve client site-to-site VPN and connectivity tickets within defined SLA turnaround times.",15.00,Sourced from INFRA / Network and System Administrator
INFRA,Senior Administrator - Network and System,Internal / External Customer,Internal Engineering & Security Team CSAT,"• Achieve Internal CSAT Score >= 8.8/10 from Application, Infrastructure & Security teams. • Provision network subnets, VLANs, and firewall access requests within 4 hours SLA.",15.00,Sourced from INFRA / Network and System Administrator
INFRA,Senior Administrator - Network and System,Network Uptime,Core Network & Security Appliance Availability,"• Maintain 99.99% uptime across firewalls, switches, routers, VPN gateways, and load balancers. • Ensure zero unapproved network outages or routing loops across data center backbones.",15.00,Sourced from INFRA / Network and System Administrator
INFRA,Senior Administrator - Network and System,Network Security,"Firewall Policy Management, DMZ Hardening & Intrusion Prevention","• Manage firewall rules (Cisco/Fortinet/Palo Alto), IPS/IDS definitions, and VPN tunnels. • Conduct regular rulebase audits to eliminate redundant or risky network access rules.",15.00,Sourced from INFRA / Network and System Administrator
INFRA,Senior Administrator - Network and System,Vulnerability & Audit,"Network Security Audit, SIEM Log Analysis & Threat Mitigation","• Monitor SIEM logs and network traffic anomalies 24x7; mitigate security threats swiftly. • Ensure 100% compliance with network security audits, vulnerability scans, and penetration tests.",10.00,Sourced from INFRA / Network and System Administrator
INFRA,Senior Administrator - Network and System,Bandwidth & Qos,"Bandwidth Management, Traffic Shaping & QoS Optimization","• Monitor ISP link utilization, WAN latency, and configure Quality of Service (QoS) policies. • Prevent network congestion bottlenecks during peak transactional volume hours.",10.00,Sourced from INFRA / Network and System Administrator
INFRA,Senior Administrator - Network and System,Dr & Failover,"Network Failover Validation, Redundancy & SOPs","• Ensure 100% failover capability across redundant ISP links and secondary firewall pairs. • Author updated network topology diagrams, IP schema sheets, and disaster recovery SOPs.",10.00,Sourced from INFRA / Network and System Administrator
INFRA,Senior Administrator - Network and System,Incident Response,"Network Incident Resolution, RCA & Certification","• Resolve network outages, packet loss, and VPN drop incidents within SLA bounds. • Publish RCAs for major network incidents and achieve advanced network/security certifications.",10.00,Sourced from INFRA / Network and System Administrator
INFRA,Senior Executive,Internal / External Customer,External User / Client Service Request CSAT,• Achieve External Client CSAT Score >= 8.5/10 (8.8/10 for Senior) on query handling & assistance. • Respond to inbound customer/partner infrastructure requests with courtesy and speed.,15.00,
INFRA,Senior Executive,Internal / External Customer,Internal Team Coordination & Support CSAT,"• Achieve Internal CSAT Score >= 8.8/10 from immediate supervisors and internal peers. • Provide prompt support to senior engineers, helpdesk staff, and cross-functional teams.",15.00,
INFRA,Senior Executive,Quality & Accuracy,Operational Quality Guidelines & Error Reduction,"• Maintain zero repeat errors in system configuration, task execution, or data logging. • Strictly comply with operational checklists, system runbooks, and quality guidelines.",15.00,
INFRA,Senior Executive,System Maintenance,Ticketing Portal Data Entry & System Log Maintenance,"• Log 100% of infrastructure tickets, system changes, and status updates accurately in Jira/Zoho. • Maintain complete and up-to-date operational logs for daily supervisor verification.",10.00,
INFRA,Senior Executive,Process & Compliance,SOP Adherence & Information Security Compliance,"• Strictly follow operational SOPs, ISO 27001 data security norms, and company policies. • Ensure zero unauthorized system access or information security policy non-compliance.",10.00,
INFRA,Senior Executive,Issue Resolution,First-Contact Resolution & Ticket Escalation TAT,• Resolve routine infrastructure tickets within 30 minutes turnaround time. • Escalate complex technical blockers to senior engineers promptly with detailed diagnostic logs.,10.00,
INFRA,Senior Executive,Learning & Discipline,"Role Training Completion, Attendance & Punctuality",• Complete mandatory role-based technical training paths and certifications on schedule. • Maintain 100% attendance punctuality and adhere to workplace discipline standards.,10.00,
INFRA,Senior Executive,Daily Execution,Senior Infrastructure Task Execution & Operational Output SLA,"• Process daily infrastructure tickets, user access requests, and system tasks with 99%+ accuracy. • Complete assigned operational deliverables within established turnaround time (TAT) bounds.",15.00,
INFRA,Senior Linux Administrator,Internal / External Customer,External Client OS Stability & Infrastructure CSAT,• Achieve External Client CSAT Score >= 8.8/10 on OS environment stability and uptime. • Support client infrastructure audits and technical environment validations.,15.00,
INFRA,Senior Linux Administrator,Internal / External Customer,"Internal Development, QA & Support Team CSAT","• Achieve Internal CSAT Score >= 8.8/10 from Application Development, QA & DevOps leads. • Provision Linux server instances and handle user access requests within SLA bounds.",15.00,
INFRA,Senior Linux Administrator,Os Availability,Senior Linux / OS Infrastructure Availability & Patch Management,• Maintain 99.95% server availability across RHEL/CentOS/Ubuntu enterprise environments. • Execute monthly OS kernel patching and vulnerability remediations with zero outage impact.,15.00,
INFRA,Senior Linux Administrator,Server Performance,"Server Hardening, Resource Tuning & Storage Management","• Optimize Linux kernel parameters, CPU/Memory utilization, and LVM storage pools. • Enforce CIS OS hardening benchmarks across 100% production server endpoints.",15.00,
INFRA,Senior Linux Administrator,Security & Access,"SSH Key Governance, LDAP/AD Integration & Security","• Enforce strict SSH key management, sudo access rights, and Active Directory integration. • Ensure zero unauthorized root access occurrences or unmonitored login attempts.",10.00,
INFRA,Senior Linux Administrator,Automation & Scripting,Shell / Python / Ansible Scripting & Automation,"• Automate routine OS health checks, log rotations, user creation, and backup scripts. • Drive automated configuration management using Ansible or Puppet playbooks.",10.00,
INFRA,Senior Linux Administrator,Monitoring & Recovery,"Server Telemetry, Backup Validations & SOPs","• Monitor OS health metrics (load average, disk I/O, swap) via Zabbix/Prometheus. • Ensure 100% daily OS system state backup execution and author recovery runbooks.",10.00,
INFRA,Senior Linux Administrator,Incident Handling,"OS Incident Resolution, RCA & Technical Skill Upgrade","• Resolve OS crash, kernel panic, and file system corruption incidents within SLA. • Publish detailed RCA reports for high-severity OS incidents and upskill junior admins.",10.00,
INFRA,Senior Manager,Internal / External Customer,External Client Infrastructure Incident Resolution CSAT,"• Achieve External Client CSAT Score >= 8.8/10 for infrastructure incident resolution and uptime SLAs. • Ensure timely, transparent incident communication and post-incident reporting to client leads.",15.00,
INFRA,Senior Manager,Internal / External Customer,Internal Technical Team Support & Service Desk CSAT,"• Achieve Internal Technical CSAT Score >= 8.8/10 from App Dev, QA & Implementation leads. • Fulfill internal environment provisioning and access requests within defined SLA bounds.",15.00,
INFRA,Senior Manager,Operational Slas,"Data Center, OS & Database Infrastructure SLA Governance","• Ensure 99.95%+ availability across assigned server, database, and network infrastructure pools. • Manage infrastructure change requests (CRs) and maintenance windows with zero unapproved downtime.",15.00,
INFRA,Senior Manager,Cost & Effort Control,Infra Asset Utilization & Effort Leakage Control,"• Optimize server sizing, virtualization ratios, and storage allocation to prevent resource wastage. • Keep infrastructure operational effort leakage/rework costs <= 5%.",15.00,
INFRA,Senior Manager,Quality & Incident Sla,Infrastructure Incident MTTR & Root Cause Analysis (RCA),• Reduce Mean Time to Resolve (MTTR < 30 mins) for priority P1/P2 infrastructure alerts. • Publish 100% comprehensive RCA reports within 24 hours of incident resolution.,10.00,
INFRA,Senior Manager,Risk & Audit Compliance,Infra Vulnerability Patching & Security Audit Compliance,"• Ensure 100% monthly security patch compliance across OS, DB, and network appliances. • Zero critical vulnerability findings in internal/external infrastructure security audits.",10.00,
INFRA,Senior Manager,Tracking & Dashboards,Infrastructure Health Monitoring & Capacity Planning,• Deploy 100% monitoring coverage across infra endpoints using Zabbix/Prometheus/Grafana. • Perform monthly capacity planning reviews to predict compute/storage/bandwidth bottlenecks early.,10.00,
INFRA,Senior Manager,People & Mentorship,"Infrastructure Team Guidance, On-Call Roster & Retention",• Oversee 24x7 on-call shift rosters and manage team duty allocations effectively. • Mentor system/network engineers and maintain team retention rate >= 88%.,10.00,
INFRA,Senior Network Engineer,Internal / External Customer,External Client Network Connectivity CSAT,"• Achieve External Client CSAT Score >= 8.8/10 on network stability, VPN access, and low latency. • Resolve client site-to-site VPN and connectivity tickets within defined SLA turnaround times.",15.00,
INFRA,Senior Network Engineer,Internal / External Customer,Internal Engineering & Security Team CSAT,"• Achieve Internal CSAT Score >= 8.8/10 from Application, Infrastructure & Security teams. • Provision network subnets, VLANs, and firewall access requests within 4 hours SLA.",15.00,
INFRA,Senior Network Engineer,Network Uptime,Core Network & Security Appliance Availability,"• Maintain 99.99% uptime across firewalls, switches, routers, VPN gateways, and load balancers. • Ensure zero unapproved network outages or routing loops across data center backbones.",15.00,
INFRA,Senior Network Engineer,Network Security,"Firewall Policy Management, DMZ Hardening & Intrusion Prevention","• Manage firewall rules (Cisco/Fortinet/Palo Alto), IPS/IDS definitions, and VPN tunnels. • Conduct regular rulebase audits to eliminate redundant or risky network access rules.",15.00,
INFRA,Senior Network Engineer,Vulnerability & Audit,"Network Security Audit, SIEM Log Analysis & Threat Mitigation","• Monitor SIEM logs and network traffic anomalies 24x7; mitigate security threats swiftly. • Ensure 100% compliance with network security audits, vulnerability scans, and penetration tests.",10.00,
INFRA,Senior Network Engineer,Bandwidth & Qos,"Bandwidth Management, Traffic Shaping & QoS Optimization","• Monitor ISP link utilization, WAN latency, and configure Quality of Service (QoS) policies. • Prevent network congestion bottlenecks during peak transactional volume hours.",10.00,
INFRA,Senior Network Engineer,Dr & Failover,"Network Failover Validation, Redundancy & SOPs","• Ensure 100% failover capability across redundant ISP links and secondary firewall pairs. • Author updated network topology diagrams, IP schema sheets, and disaster recovery SOPs.",10.00,
INFRA,Senior Network Engineer,Incident Response,"Network Incident Resolution, RCA & Certification","• Resolve network outages, packet loss, and VPN drop incidents within SLA bounds. • Publish RCAs for major network incidents and achieve advanced network/security certifications.",10.00,
INFRA,Senior OS - Administrator,Internal / External Customer,External Client OS Stability & Infrastructure CSAT,• Achieve External Client CSAT Score >= 8.8/10 on OS environment stability and uptime. • Support client infrastructure audits and technical environment validations.,15.00,
INFRA,Senior OS - Administrator,Internal / External Customer,"Internal Development, QA & Support Team CSAT","• Achieve Internal CSAT Score >= 8.8/10 from Application Development, QA & DevOps leads. • Provision Linux server instances and handle user access requests within SLA bounds.",15.00,
INFRA,Senior OS - Administrator,Os Availability,Senior Linux / OS Infrastructure Availability & Patch Management,• Maintain 99.95% server availability across RHEL/CentOS/Ubuntu enterprise environments. • Execute monthly OS kernel patching and vulnerability remediations with zero outage impact.,15.00,
INFRA,Senior OS - Administrator,Server Performance,"Server Hardening, Resource Tuning & Storage Management","• Optimize Linux kernel parameters, CPU/Memory utilization, and LVM storage pools. • Enforce CIS OS hardening benchmarks across 100% production server endpoints.",15.00,
INFRA,Senior OS - Administrator,Security & Access,"SSH Key Governance, LDAP/AD Integration & Security","• Enforce strict SSH key management, sudo access rights, and Active Directory integration. • Ensure zero unauthorized root access occurrences or unmonitored login attempts.",10.00,
INFRA,Senior OS - Administrator,Automation & Scripting,Shell / Python / Ansible Scripting & Automation,"• Automate routine OS health checks, log rotations, user creation, and backup scripts. • Drive automated configuration management using Ansible or Puppet playbooks.",10.00,
INFRA,Senior OS - Administrator,Monitoring & Recovery,"Server Telemetry, Backup Validations & SOPs","• Monitor OS health metrics (load average, disk I/O, swap) via Zabbix/Prometheus. • Ensure 100% daily OS system state backup execution and author recovery runbooks.",10.00,
INFRA,Senior OS - Administrator,Incident Handling,"OS Incident Resolution, RCA & Technical Skill Upgrade","• Resolve OS crash, kernel panic, and file system corruption incidents within SLA. • Publish detailed RCA reports for high-severity OS incidents and upskill junior admins.",10.00,
INFRA,Senior Software Analyst,Analytic Execution,Senior Infrastructure Software Analysis & System Performance Evaluation,"• Analyze infrastructure software logs, application performance metrics, and system behavior. • Identify performance bottlenecks and recommend technical code/config optimizations.",15.00,
INFRA,Senior Software Analyst,Internal / External Customer,External Client Technical Support & Service CSAT,"• Achieve External Client CSAT Score >= 8.8/10 on technical query resolution and issue analysis. • Provide clear, structured technical explanation reports to client engineering teams.",15.00,
INFRA,Senior Software Analyst,Internal / External Customer,Internal Development & Infrastructure Support CSAT,• Achieve Internal CSAT Score >= 8.8/10 from Application Development & Infra Operations leads. • Assist build teams with deep-dive root cause analysis and metric interpretation.,15.00,
INFRA,Senior Software Analyst,Quality & Defect,"Defect Analysis, System Testing & Quality Assurance","• Conduct thorough infrastructure software testing, regression checks, and integration analysis. • Maintain zero high-severity software defect leaks into production environments.",15.00,
INFRA,Senior Software Analyst,Security & Audit,Software Vulnerability Analysis & Compliance Checks,"• Analyze static code/config vulnerability scan results and enforce security remediation. • Ensure 100% compliance with software licensing, security policies, and audit benchmarks.",10.00,
INFRA,Senior Software Analyst,Automation & Dashboards,"Telemetry Analytics, Dashboarding & Scripting",• Build automated performance reporting dashboards using Grafana/ELK pipelines. • Automate log parsing and diagnostic metric extraction using Python/Shell scripts.,10.00,
INFRA,Senior Software Analyst,Documentation,"Technical Analysis Reports, System Flowcharts & SOPs","• Publish detailed technical analysis documents, system interaction flowcharts, and RCA guides. • Maintain up-to-date documentation repositories for infrastructure software modules.",10.00,
INFRA,Senior Software Analyst,Continuous Learning,Technical Skill Enhancement & Team Knowledge Sharing,"• Upskill on modern telemetry, APM tools (Datadog/Dynatrace), and cloud analytics frameworks. • Conduct knowledge-sharing sessions for L1/L2 support staff.",10.00,
INFRA,Software Analyst,Analytic Execution,Infrastructure Software Analysis & System Performance Evaluation,"• Analyze infrastructure software logs, application performance metrics, and system behavior. • Identify performance bottlenecks and recommend technical code/config optimizations.",15.00,
INFRA,Software Analyst,Internal / External Customer,External Client Technical Support & Service CSAT,"• Achieve External Client CSAT Score >= 8.8/10 on technical query resolution and issue analysis. • Provide clear, structured technical explanation reports to client engineering teams.",15.00,
INFRA,Software Analyst,Internal / External Customer,Internal Development & Infrastructure Support CSAT,• Achieve Internal CSAT Score >= 8.8/10 from Application Development & Infra Operations leads. • Assist build teams with deep-dive root cause analysis and metric interpretation.,15.00,
INFRA,Software Analyst,Quality & Defect,"Defect Analysis, System Testing & Quality Assurance","• Conduct thorough infrastructure software testing, regression checks, and integration analysis. • Maintain zero high-severity software defect leaks into production environments.",15.00,
INFRA,Software Analyst,Security & Audit,Software Vulnerability Analysis & Compliance Checks,"• Analyze static code/config vulnerability scan results and enforce security remediation. • Ensure 100% compliance with software licensing, security policies, and audit benchmarks.",10.00,
INFRA,Software Analyst,Automation & Dashboards,"Telemetry Analytics, Dashboarding & Scripting",• Build automated performance reporting dashboards using Grafana/ELK pipelines. • Automate log parsing and diagnostic metric extraction using Python/Shell scripts.,10.00,
INFRA,Software Analyst,Documentation,"Technical Analysis Reports, System Flowcharts & SOPs","• Publish detailed technical analysis documents, system interaction flowcharts, and RCA guides. • Maintain up-to-date documentation repositories for infrastructure software modules.",10.00,
INFRA,Software Analyst,Continuous Learning,Technical Skill Enhancement & Team Knowledge Sharing,"• Upskill on modern telemetry, APM tools (Datadog/Dynatrace), and cloud analytics frameworks. • Conduct knowledge-sharing sessions for L1/L2 support staff.",10.00,
INFRA,Sr. Oracle DBA,Database Uptime,"Sr. Oracle Database Availability, RAC & Data Guard Governance",• Maintain 99.99% database availability across production Oracle RAC & Data Guard standby nodes. • Ensure zero unapproved database downtime and sub-second transaction response times.,15.00,
INFRA,Sr. Oracle DBA,Internal / External Customer,External Client Database Reliability CSAT,• Achieve External Client CSAT Score >= 8.8/10 (9.0/10 for Sr.) on database stability and query TAT. • Resolve client database performance and data refresh queries within SLA bounds.,15.00,
INFRA,Sr. Oracle DBA,Internal / External Customer,Internal App Dev & SRE Team CSAT,"• Achieve Internal CSAT Score >= 8.8/10 (9.0/10 for Sr.) from Application Developers & SREs. • Provide prompt database schema execution, migration support, and query tuning guidance.",15.00,
INFRA,Sr. Oracle DBA,Performance Tuning,"Database Performance Tuning, RMAN Backup & Recovery","• Optimize SQL queries, index structures, SGA/PGA memory, and I/O bottlenecks. • Ensure 100% successful daily RMAN backup execution and quarterly restoration validations.",15.00,
INFRA,Sr. Oracle DBA,Security & Patching,"Database Security, CPU/PSU Patching & User Access Controls",• Deploy quarterly Oracle CPU/PSU security patches across 100% assigned database instances. • Enforce strict database user access governance and data encryption at rest/in transit.,10.00,
INFRA,Sr. Oracle DBA,Disaster Recovery,"Data Guard Sync, DR Drill Execution & RPO/RTO Targets","• Maintain zero Data Guard replication lag between primary and standby database sites. • Execute bi-annual DR drills successfully, meeting RPO=0 and RTO < 15 mins targets.",10.00,
INFRA,Sr. Oracle DBA,Monitoring & Sops,"Database Health Monitoring, Space Management & SOPs","• Monitor OEM (Oracle Enterprise Manager) alerts, tablespace growth, and archivelog usage 24x7. • Author standard database backup/recovery SOPs and maintenance runbooks.",10.00,
INFRA,Sr. Oracle DBA,Troubleshooting & Skills,"Database Incident Resolution, RCA & Skill Upgrade","• Resolve database locks, deadlock incidents, and performance degradation within target SLA. • Complete advanced Oracle certifications (OCI/RAC) and share knowledge with junior DBAs.",10.00,
INFRA,Weblogic Administrator,Internal / External Customer,External Client Application Middleware CSAT,• Achieve External Client CSAT Score >= 8.8/10 on middleware platform stability and responsiveness. • Support client production deployments and SSL certificate updates with zero downtime.,15.00,
INFRA,Weblogic Administrator,Internal / External Customer,Internal App Dev & DevOps Team CSAT,"• Achieve Internal CSAT Score >= 8.8/10 from Application Development, QA & Deployment leads. • Deploy application WAR/EAR builds on schedule and resolve deployment errors swiftly.",15.00,
INFRA,Weblogic Administrator,Middleware Uptime,Oracle WebLogic / Middleware Environment Availability,"• Maintain 99.95% uptime across enterprise Oracle WebLogic, Tomcat, and WebSphere domains. • Ensure high availability clustering, managed server stability, and zero application thread hangs.",15.00,
INFRA,Weblogic Administrator,Performance Tuning,"JVM Heap Tuning, Thread Pool & Connection Pool Optimization","• Tune JVM garbage collection (GC) parameters, thread pools, and JDBC data source connections. • Prevent OutOfMemory (OOM) errors and optimize application response latency.",15.00,
INFRA,Weblogic Administrator,Security & Ssl,"Middleware Security Patching, SSL / TLS Management & Hardening",• Apply quarterly Oracle WebLogic CPU security patches across 100% assigned domains. • Manage SSL/TLS certificate renewals and enforce secure communication protocols.,10.00,
INFRA,Weblogic Administrator,Automation & Deployment,WLST / WLDF Scripting & Automated Deployment Pipelines,"• Automate WebLogic domain creation, deployment, and monitoring using WLST / Python scripts. • Integrate middleware deployments with CI/CD automation tools.",10.00,
INFRA,Weblogic Administrator,Monitoring & Logs,"Log Monitoring, Thread Dump Analysis & SOPs","• Monitor WebLogic diagnostic framework (WLDF) alerts, thread stuck conditions, and server logs. • Author standard middleware deployment runbooks and thread/heap dump analysis SOPs.",10.00,
INFRA,Weblogic Administrator,Troubleshooting,"Middleware Incident Resolution, RCA & Technical Skill Upgrade","• Resolve middleware crashes, JDBC connection pool timeouts, and deployment errors within SLA. • Document RCA reports for critical middleware outages and upskill on cloud middleware technologies.",10.00,
IT,Business Analyst,Financial,Requirement Estimation & Scope Variance Control,Deliver clear functional spec ensuring requirement gap causing CR cost variance < 5%,20.00,Sourced from Functional / Delivery / Product / Business Analyst [Set corrected 25-Sep-2026]
IT,Business Analyst,Financial,Cost-Effective Feature Specification,Zero budget overrun resulting from requirement ambiguity or missed business logic,15.00,Sourced from Functional / Delivery / Product / Business Analyst [Set corrected 25-Sep-2026]
IT,Business Analyst,Project / Process,BRD / FSD Creation & Use Case Mapping,100% FSD sign-off by client/product owner before development initiation,25.00,Sourced from Functional / Delivery / Product / Business Analyst [Set corrected 25-Sep-2026]
IT,Business Analyst,Project / Process,UAT Support & Functional Verification,Support UAT execution with zero critical requirement gaps identified during UAT phase,20.00,Sourced from Functional / Delivery / Product / Business Analyst [Set corrected 25-Sep-2026]
IT,Business Analyst,Internal / External Customer,Requirement Walkthroughs & Stakeholder Query SLA,Respond to requirement clarification queries from dev/QA team within 24 hours SLA,10.00,Sourced from Functional / Delivery / Product / Business Analyst [Set corrected 25-Sep-2026]
IT,Business Analyst,People,Domain Upskilling & Continuous Learning,Complete domain & product training; 40 hours of professional development annually,10.00,Sourced from Functional / Delivery / Product / Business Analyst [Set corrected 25-Sep-2026]
IT,Consultant - DevOps,Financial,Cloud Infrastructure Cost & Resource Optimization,Maintain cloud infra budget variance within approved limits; zero idle resource waste,15.00,Sourced from DevOps & Engineering / DevOps Engineer [Set corrected 25-Sep-2026]
IT,Consultant - DevOps,Financial,Prevent Production Downtime Penalties,Maintain 99.9% availability across deployment pipelines and managed environments,10.00,Sourced from DevOps & Engineering / DevOps Engineer [Set corrected 25-Sep-2026]
IT,Consultant - DevOps,Project / Process,CI/CD Pipeline Automation & Build Release Efficiency,100% automated CI/CD pipeline implementation; reduce manual deployment effort by 25%,20.00,Sourced from DevOps & Engineering / DevOps Engineer [Set corrected 25-Sep-2026]
IT,Consultant - DevOps,Project / Process,"Infrastructure Security, OS Patching & Compliance Audit",0 critical vulnerabilities in OS/Cloud setup; monthly patch audit compliance,15.00,Sourced from DevOps & Engineering / DevOps Engineer [Set corrected 25-Sep-2026]
IT,Consultant - DevOps,Project / Process,"Incident Monitoring, Alerting & Root Cause Analysis (RCA)",MTTR < 1 hour for major incidents; submit RCA within 24 hours of incident resolution,15.00,Sourced from DevOps & Engineering / DevOps Engineer [Set corrected 25-Sep-2026]
IT,Consultant - DevOps,Internal / External Customer,Environment Provisioning & Deployment Support SLA,95%+ on-time environment provisioning and release deployment SLA adherence for dev/QA teams,12.00,Sourced from DevOps & Engineering / DevOps Engineer [Set corrected 25-Sep-2026]
IT,Consultant - DevOps,People,DevOps Runbook Documentation & Skill Upgrading,Maintain 100% updated DevOps runbooks; complete 40 hrs annual cloud/DevOps training,13.00,Sourced from DevOps & Engineering / DevOps Engineer [Set corrected 25-Sep-2026]
IT,DevOps Engineer,Financial,Cloud Infrastructure Cost & Resource Optimization,Maintain cloud infra budget variance within approved limits; zero idle resource waste,15.00,Sourced from DevOps & Engineering / DevOps Engineer
IT,DevOps Engineer,Financial,Prevent Production Downtime Penalties,Maintain 99.9% availability across deployment pipelines and managed environments,10.00,Sourced from DevOps & Engineering / DevOps Engineer
IT,DevOps Engineer,Project / Process,CI/CD Pipeline Automation & Build Release Efficiency,100% automated CI/CD pipeline implementation; reduce manual deployment effort by 25%,20.00,Sourced from DevOps & Engineering / DevOps Engineer
IT,DevOps Engineer,Project / Process,"Infrastructure Security, OS Patching & Compliance Audit",0 critical vulnerabilities in OS/Cloud setup; monthly patch audit compliance,15.00,Sourced from DevOps & Engineering / DevOps Engineer
IT,DevOps Engineer,Project / Process,"Incident Monitoring, Alerting & Root Cause Analysis (RCA)",MTTR < 1 hour for major incidents; submit RCA within 24 hours of incident resolution,15.00,Sourced from DevOps & Engineering / DevOps Engineer
IT,DevOps Engineer,Internal / External Customer,Environment Provisioning & Deployment Support SLA,95%+ on-time environment provisioning and release deployment SLA adherence for dev/QA teams,12.00,Sourced from DevOps & Engineering / DevOps Engineer
IT,DevOps Engineer,People,DevOps Runbook Documentation & Skill Upgrading,Maintain 100% updated DevOps runbooks; complete 40 hrs annual cloud/DevOps training,13.00,Sourced from DevOps & Engineering / DevOps Engineer
IT,Senior Manager,Financial,Optimize IT and security infrastructure costs while enhancing risk management,1.1 Maintain budgeted IT infrastructure and security costs | Source: Budget Review,9.00,"RBI Compliances, New customer expecations, Increase in agreed SoW, Audit observations; File says ""Development team"" but content is IT and security infrastructure; Sourced from IT / Manager - IT & Security"
IT,Senior Manager,Project / Process,Streamline IT & Security operations with focus on automation,"2.1 Reduce high-severity security incidents by 20% | Source: ITSM Tools dahsboards, Customer Reviews",14.00,"Not considering false positives; File says ""Development team"" but content is IT and security infrastructure; Sourced from IT / Manager - IT & Security"
IT,Senior Manager,Project / Process,Decrease average incident mitigations time by 10%,"Data source: ITSM Tools dahsboards, Customer Reviews",13.00,"Third party dependency, OEM Dependecies; File says ""Development team"" but content is IT and security infrastructure; Sourced from IT / Manager - IT & Security"
IT,Senior Manager,Project / Process,Achieve 100% compliance with RBI and NPCI security guidelines within reasonable time,"Data source: Internal and External Audits, Comments & feedback by customer top management",9.00,"Out Scope items, Accepted risks & business justifications, Risk Justifications; File says ""Development team"" but content is IT and security infrastructure; Sourced from IT / Manager - IT & Security"
IT,Senior Manager,Project / Process,Implement predictive maintenance to reduce unplanned downtime due to capacity issues,Data source: Incidents dashboards and root causes,9.00,"Application and other integration not directly with cloud / IT team, Third party depencies, OEM dependencies; File says ""Development team"" but content is IT and security infrastructure; Sourced from IT / Manager - IT & Security"
IT,Senior Manager,Project / Process,Streamline IT Infrastructure,2.1 Reduce Infra incidents by 20%,10.00,Single stray row in an untitled tab; Sourced from IT / Manager - IT & Security
IT,Senior Manager,Internal / External Customer,Enhance external customer trust through robust measures and communication,3.1 Achieve 70% satisfaction rate in IT services survey & Audits | Source: Surveys and Feedback,9.00,"Biases ( Recency bias, brand impacts, unrelated projections); File says ""Development team"" but content is IT and security infrastructure; Sourced from IT / Manager - IT & Security"
IT,Senior Manager,Internal / External Customer,Reduce customer-reported security concerns within a reasonable time by 25%,"Data source: Surveys and Feedback, Security Reports by Clients",9.00,"Out Scope items, Accepted risks & business justifications, Risk Justifications, Application closures issues, OEM & Third party dependency; File says ""Development team"" but content is IT and security infrastructure; Sourced from IT / Manager - IT & Security"
IT,Senior Manager,People,Voluntary Attrition Control & Employer-Emplopyee satisfaction,4.1 Less than equal to organization target of 15% | Source: HRMS,9.00,"Attributing to brand & salary, dissatisfaction on appraisals, Work Pressure; File says ""Development team"" but content is IT and security infrastructure; Sourced from IT / Manager - IT & Security"
IT,Senior Manager,People,All critical resources to complete emerging threat / technology trainings,Data source: Training Records,9.00,"Non-Sponsored trainings can impact relevancy; File says ""Development team"" but content is IT and security infrastructure; Sourced from IT / Manager - IT & Security"
IT,Senior Software Developer,Financial,Project milestone delivery & CR budget adherence,100% milestone delivery on schedule; zero out-of-fund production issues,15.00,[Set corrected 25-Sep-2026]
IT,Senior Software Developer,Financial,Effort estimation & resource optimization,Variance between estimated vs actual coding effort < 8%,10.00,[Set corrected 25-Sep-2026]
IT,Senior Software Developer,Project / Process,"Code review, security & architectural compliance",Defect ratio < 3%; 100% compliance with OWASP / security audit,20.00,[Set corrected 25-Sep-2026]
IT,Senior Software Developer,Project / Process,CAB & CCB review clearance,90%+ adherence to compliance; clearance on first meeting,15.00,[Set corrected 25-Sep-2026]
IT,Senior Software Developer,Project / Process,Process automation & CI/CD pipeline usage,Implement automated unit testing / build pipeline for assigned modules,10.00,[Set corrected 25-Sep-2026]
IT,Senior Software Developer,Internal / External Customer,Client escalation response & resolution,Resolution within 24 hrs for critical issues; CSAT >= 8.5/10,15.00,[Set corrected 25-Sep-2026]
IT,Senior Software Developer,People,"Mentorship, KT sessions & training",Conduct min 1 KT session/month; ensure 40 hrs self-learning & team mentorship,15.00,[Set corrected 25-Sep-2026]
IT,Senior System Admin,Project / Process,Logging and tracking support requests through ticketing systems to ensure timely resolution.,95% tickets should be closed based on SLA,10.00,Sourced from IT / IT Operations Executive
IT,Senior System Admin,Project / Process,Proactive maintenance Of systems and security,100% of system should be complaint with latest security updates,10.00,Sourced from IT / IT Operations Executive
IT,Senior System Admin,Project / Process,Inventory of systems,100% Accurate and updated records shared on weekly basis,10.00,Sourced from IT / IT Operations Executive
IT,Senior System Admin,Project / Process,System Maintenance & Availability,100% of system should be complaint and available,10.00,Sourced from IT / IT Operations Executive
IT,Senior System Admin,Internal / External Customer,User Support and Training,100% Adherenace to guidelines,10.00,Sourced from IT / IT Operations Executive
IT,Senior System Admin,Internal / External Customer,Process Optimization,100% Adherenace to guidelines,10.00,Sourced from IT / IT Operations Executive
IT,Senior System Admin,Internal / External Customer,"Communication, Collaboration and Coordination",100% Adherenace to guidelines,10.00,Sourced from IT / IT Operations Executive
IT,Senior System Admin,People,Training & skill development,40 hours of training in a year arranged by MGS,10.00,Sourced from IT / IT Operations Executive
IT,Senior System Admin,People,Interpersonal skills,No Major Escalation for behavioral issues,10.00,Sourced from IT / IT Operations Executive
IT,Senior System Admin,People,Knowledge Management & Documentation,2 KB documents per quarter,10.00,Sourced from IT / IT Operations Executive
IT,System Administrator,Project / Process,Logging and tracking support requests through ticketing systems to ensure timely resolution.,95% tickets should be closed based on SLA,10.00,Sourced from IT / IT Operations Executive
IT,System Administrator,Project / Process,Proactive maintenance Of systems and security,100% of system should be complaint with latest security updates,10.00,Sourced from IT / IT Operations Executive
IT,System Administrator,Project / Process,Inventory of systems,100% Accurate and updated records shared on weekly basis,10.00,Sourced from IT / IT Operations Executive
IT,System Administrator,Project / Process,System Maintenance & Availability,100% of system should be complaint and available,10.00,Sourced from IT / IT Operations Executive
IT,System Administrator,Internal / External Customer,User Support and Training,100% Adherenace to guidelines,10.00,Sourced from IT / IT Operations Executive
IT,System Administrator,Internal / External Customer,Process Optimization,100% Adherenace to guidelines,10.00,Sourced from IT / IT Operations Executive
IT,System Administrator,Internal / External Customer,"Communication, Collaboration and Coordination",100% Adherenace to guidelines,10.00,Sourced from IT / IT Operations Executive
IT,System Administrator,People,Training & skill development,40 hours of training in a year arranged by MGS,10.00,Sourced from IT / IT Operations Executive
IT,System Administrator,People,Interpersonal skills,No Major Escalation for behavioral issues,10.00,Sourced from IT / IT Operations Executive
IT,System Administrator,People,Knowledge Management & Documentation,2 KB documents per quarter,10.00,Sourced from IT / IT Operations Executive
IT,Team Lead,Project / Process,Logging and tracking support requests through ticketing systems to ensure timely resolution.,95% tickets should be closed based on SLA,10.00,Sourced from IT / IT Operations Executive
IT,Team Lead,Project / Process,Proactive maintenance Of systems and security,100% of system should be complaint with latest security updates,10.00,Sourced from IT / IT Operations Executive
IT,Team Lead,Project / Process,Inventory of systems,100% Accurate and updated records shared on weekly basis,10.00,Sourced from IT / IT Operations Executive
IT,Team Lead,Project / Process,System Maintenance & Availability,100% of system should be complaint and available,10.00,Sourced from IT / IT Operations Executive
IT,Team Lead,Internal / External Customer,User Support and Training,100% Adherenace to guidelines,10.00,Sourced from IT / IT Operations Executive
IT,Team Lead,Internal / External Customer,Process Optimization,100% Adherenace to guidelines,10.00,Sourced from IT / IT Operations Executive
IT,Team Lead,Internal / External Customer,"Communication, Collaboration and Coordination",100% Adherenace to guidelines,10.00,Sourced from IT / IT Operations Executive
IT,Team Lead,People,Training & skill development,40 hours of training in a year arranged by MGS,10.00,Sourced from IT / IT Operations Executive
IT,Team Lead,People,Interpersonal skills,No Major Escalation for behavioral issues,10.00,Sourced from IT / IT Operations Executive
IT,Team Lead,People,Knowledge Management & Documentation,2 KB documents per quarter,10.00,Sourced from IT / IT Operations Executive
IT,Technical Lead,Project / Process,Logging and tracking support requests through ticketing systems to ensure timely resolution.,95% tickets should be closed based on SLA,10.00,Sourced from IT / IT Operations Executive
IT,Technical Lead,Project / Process,Proactive maintenance Of systems and security,100% of system should be complaint with latest security updates,10.00,Sourced from IT / IT Operations Executive
IT,Technical Lead,Project / Process,Inventory of systems,100% Accurate and updated records shared on weekly basis,10.00,Sourced from IT / IT Operations Executive
IT,Technical Lead,Project / Process,System Maintenance & Availability,100% of system should be complaint and available,10.00,Sourced from IT / IT Operations Executive
IT,Technical Lead,Internal / External Customer,User Support and Training,100% Adherenace to guidelines,10.00,Sourced from IT / IT Operations Executive
IT,Technical Lead,Internal / External Customer,Process Optimization,100% Adherenace to guidelines,10.00,Sourced from IT / IT Operations Executive
IT,Technical Lead,Internal / External Customer,"Communication, Collaboration and Coordination",100% Adherenace to guidelines,10.00,Sourced from IT / IT Operations Executive
IT,Technical Lead,People,Training & skill development,40 hours of training in a year arranged by MGS,10.00,Sourced from IT / IT Operations Executive
IT,Technical Lead,People,Interpersonal skills,No Major Escalation for behavioral issues,10.00,Sourced from IT / IT Operations Executive
IT,Technical Lead,People,Knowledge Management & Documentation,2 KB documents per quarter,10.00,Sourced from IT / IT Operations Executive
IT,Trainee,Project / Process,Logging and tracking support requests through ticketing systems to ensure timely resolution.,95% tickets should be closed based on SLA,10.00,Sourced from IT / IT Operations Executive
IT,Trainee,Project / Process,Proactive maintenance Of systems and security,100% of system should be complaint with latest security updates,10.00,Sourced from IT / IT Operations Executive
IT,Trainee,Project / Process,Inventory of systems,100% Accurate and updated records shared on weekly basis,10.00,Sourced from IT / IT Operations Executive
IT,Trainee,Project / Process,System Maintenance & Availability,100% of system should be complaint and available,10.00,Sourced from IT / IT Operations Executive
IT,Trainee,Internal / External Customer,User Support and Training,100% Adherenace to guidelines,10.00,Sourced from IT / IT Operations Executive
IT,Trainee,Internal / External Customer,Process Optimization,100% Adherenace to guidelines,10.00,Sourced from IT / IT Operations Executive
IT,Trainee,Internal / External Customer,"Communication, Collaboration and Coordination",100% Adherenace to guidelines,10.00,Sourced from IT / IT Operations Executive
IT,Trainee,People,Training & skill development,40 hours of training in a year arranged by MGS,10.00,Sourced from IT / IT Operations Executive
IT,Trainee,People,Interpersonal skills,No Major Escalation for behavioral issues,10.00,Sourced from IT / IT Operations Executive
IT,Trainee,People,Knowledge Management & Documentation,2 KB documents per quarter,10.00,Sourced from IT / IT Operations Executive
Implementation,Assistant Vice President,Financial,"Business Unit Revenue, Profitability & P&L Leadership",Achieve assigned annual BU revenue and gross profit targets,25.00,Sourced from Functional / Delivery / Product / Assistant Vice President
Implementation,Assistant Vice President,Financial,Commercial Strategy & Organic Account Growth,Expand business portfolio by 15%+ through new client contracts and CRs,15.00,Sourced from Functional / Delivery / Product / Assistant Vice President
Implementation,Assistant Vice President,Project / Process,Portfolio Delivery Governance & Operational Excellence,Ensure 100% portfolio projects meet SLA & timeline benchmarks; 0 regulatory breaches,20.00,Sourced from Functional / Delivery / Product / Assistant Vice President
Implementation,Assistant Vice President,Project / Process,Strategic Product Modernization & Quality Gates,Sponsor strategic architecture modernization & enterprise process automation,15.00,Sourced from Functional / Delivery / Product / Assistant Vice President
Implementation,Assistant Vice President,Internal / External Customer,Key Client C-Suite Sponsorship & Relationship Management,Maintain bank C-level satisfaction rating >= 9.2/10; zero major client account loss,13.00,Sourced from Functional / Delivery / Product / Assistant Vice President
Implementation,Assistant Vice President,People,"Organizational Leadership, Culture & Talent Retention",Drive high-performance culture; keep key talent retention rate > 90%,12.00,Sourced from Functional / Delivery / Product / Assistant Vice President
Implementation,Lead,Financial,On-Time Implementation Task Execution,Execute assigned deployment checklists within estimated hours and project budget,20.00,Sourced from Functional / Delivery / Product / Implementation Officer
Implementation,Lead,Financial,Prevent Deployment Re-work Costs,Less than 3% deployment configuration errors requiring re-deployment,15.00,Sourced from Functional / Delivery / Product / Implementation Officer
Implementation,Lead,Project / Process,On-Site / Remote System Installation & Configuration,100% compliance with deployment standard operating procedures (SOPs) and runbooks,25.00,Sourced from Functional / Delivery / Product / Implementation Officer
Implementation,Lead,Project / Process,UAT Patch Deployment & Smoke Testing,Execute UAT deployment patches with 100% accuracy and verify core workflows,20.00,Sourced from Functional / Delivery / Product / Implementation Officer
Implementation,Lead,Internal / External Customer,Client Onboarding Support & Issue Turnaround,Acknowledge client operational support tickets within 15 mins; resolve within SLA,10.00,Sourced from Functional / Delivery / Product / Implementation Officer
Implementation,Lead,People,Technical Skill Growth & Certification,Complete product deployment certifications & 40 hours annual skill training,10.00,Sourced from Functional / Delivery / Product / Implementation Officer
Implementation,Manager,Financial,Project Margin & Delivery Budget Control,Maintain gross project margin >= 35%; control project effort variance < 5%,20.00,Sourced from Functional / Delivery / Product / Manager
Implementation,Manager,Financial,Resource Billability & Cost Optimization,Maintain overall team billable resource utilization rate >= 90%,15.00,Sourced from Functional / Delivery / Product / Manager
Implementation,Manager,Project / Process,Project Milestone Execution & Zoho Governance,100% project milestone tracking and WBS in Zoho; zero project defaults,25.00,Sourced from Functional / Delivery / Product / Manager
Implementation,Manager,Project / Process,Quality Controls & ISO Process Adherence,100% compliance with CMMI/ISO quality standards; QA defect ratio < 5%,20.00,Sourced from Functional / Delivery / Product / Manager
Implementation,Manager,Internal / External Customer,Client Escalation Resolution & Satisfaction,Resolve client escalations within 24 hours SLA; CSAT score >= 9/10,10.00,Sourced from Functional / Delivery / Product / Manager
Implementation,Manager,People,Talent Retention & Performance Appraisals,Keep team attrition < 12%; 100% on-time performance appraisals and check-ins,10.00,Sourced from Functional / Delivery / Product / Manager
Implementation,Senior Business Analyst,Financial,CR Value Identification & Account Revenue Growth,Identify & document CR opportunities contributing to organic revenue expansion,20.00,Sourced from Functional / Delivery / Product / Senior Business Analyst
Implementation,Senior Business Analyst,Financial,Feasibility & Cost-Benefit Analysis,Provide accurate cost-benefit analysis for 100% complex business proposals,15.00,Sourced from Functional / Delivery / Product / Senior Business Analyst
Implementation,Senior Business Analyst,Project / Process,BRD / FSD Creation & End-to-End Workflow Mapping,100% comprehensive BRD/FSD approval with < 3% requirement revision rate,25.00,Sourced from Functional / Delivery / Product / Senior Business Analyst
Implementation,Senior Business Analyst,Project / Process,Gap Analysis & Regulatory Compliance Mapping,0 regulatory compliance oversight in functional specification documents,20.00,Sourced from Functional / Delivery / Product / Senior Business Analyst
Implementation,Senior Business Analyst,Internal / External Customer,Stakeholder Workshop Management & Query Resolution,Achieve client requirement satisfaction rating >= 9/10; 24 hr resolution for queries,10.00,Sourced from Functional / Delivery / Product / Senior Business Analyst
Implementation,Senior Business Analyst,People,Junior BA Mentorship & Functional Knowledge Sharing,Mentor business analyst team; conduct quarterly domain training sessions,10.00,Sourced from Functional / Delivery / Product / Senior Business Analyst
Implementation,Senior Manager,Financial,Portfolio Financial Management & P&L Oversight,Achieve revenue & operating margin targets across assigned project portfolio,25.00,Sourced from Functional / Delivery / Product / Senior Manager
Implementation,Senior Manager,Financial,Account Revenue Expansion via Value Additions,Drive 15%+ organic revenue growth through new modules and change requests,15.00,Sourced from Functional / Delivery / Product / Senior Manager
Implementation,Senior Manager,Project / Process,Portfolio Governance & On-Time Project Delivery,98%+ on-time milestone delivery across portfolio; zero critical delivery defaults,20.00,Sourced from Functional / Delivery / Product / Senior Manager
Implementation,Senior Manager,Project / Process,"Quality Assurance, Audit & Regulatory Compliance",100% compliance with enterprise risk frameworks & regulatory audits,15.00,Sourced from Functional / Delivery / Product / Senior Manager
Implementation,Senior Manager,Internal / External Customer,Senior Client Relationship Management & CSAT,Maintain senior stakeholder CSAT score >= 9/10; quarterly alignment reviews done,13.00,Sourced from Functional / Delivery / Product / Senior Manager
Implementation,Senior Manager,People,"Leadership Pipeline, Succession & Retention",Maintain key talent retention rate >= 90%; execute leadership coaching for leads,12.00,Sourced from Functional / Delivery / Product / Senior Manager
Implementation,Senior Software Analyst,Financial,On-Time Implementation Task Execution,Execute assigned deployment checklists within estimated hours and project budget,20.00,Sourced from Functional / Delivery / Product / Implementation Officer
Implementation,Senior Software Analyst,Financial,Prevent Deployment Re-work Costs,Less than 3% deployment configuration errors requiring re-deployment,15.00,Sourced from Functional / Delivery / Product / Implementation Officer
Implementation,Senior Software Analyst,Project / Process,On-Site / Remote System Installation & Configuration,100% compliance with deployment standard operating procedures (SOPs) and runbooks,25.00,Sourced from Functional / Delivery / Product / Implementation Officer
Implementation,Senior Software Analyst,Project / Process,UAT Patch Deployment & Smoke Testing,Execute UAT deployment patches with 100% accuracy and verify core workflows,20.00,Sourced from Functional / Delivery / Product / Implementation Officer
Implementation,Senior Software Analyst,Internal / External Customer,Client Onboarding Support & Issue Turnaround,Acknowledge client operational support tickets within 15 mins; resolve within SLA,10.00,Sourced from Functional / Delivery / Product / Implementation Officer
Implementation,Senior Software Analyst,People,Technical Skill Growth & Certification,Complete product deployment certifications & 40 hours annual skill training,10.00,Sourced from Functional / Delivery / Product / Implementation Officer
Implementation,Senior Software Developer,Financial,On-Time Implementation Task Execution,Execute assigned deployment checklists within estimated hours and project budget,20.00,Sourced from Functional / Delivery / Product / Implementation Officer
Implementation,Senior Software Developer,Financial,Prevent Deployment Re-work Costs,Less than 3% deployment configuration errors requiring re-deployment,15.00,Sourced from Functional / Delivery / Product / Implementation Officer
Implementation,Senior Software Developer,Project / Process,On-Site / Remote System Installation & Configuration,100% compliance with deployment standard operating procedures (SOPs) and runbooks,25.00,Sourced from Functional / Delivery / Product / Implementation Officer
Implementation,Senior Software Developer,Project / Process,UAT Patch Deployment & Smoke Testing,Execute UAT deployment patches with 100% accuracy and verify core workflows,20.00,Sourced from Functional / Delivery / Product / Implementation Officer
Implementation,Senior Software Developer,Internal / External Customer,Client Onboarding Support & Issue Turnaround,Acknowledge client operational support tickets within 15 mins; resolve within SLA,10.00,Sourced from Functional / Delivery / Product / Implementation Officer
Implementation,Senior Software Developer,People,Technical Skill Growth & Certification,Complete product deployment certifications & 40 hours annual skill training,10.00,Sourced from Functional / Delivery / Product / Implementation Officer
Implementation,Senior Software Tester,Financial,On-Time Implementation Task Execution,Execute assigned deployment checklists within estimated hours and project budget,20.00,Sourced from Functional / Delivery / Product / Implementation Officer
Implementation,Senior Software Tester,Financial,Prevent Deployment Re-work Costs,Less than 3% deployment configuration errors requiring re-deployment,15.00,Sourced from Functional / Delivery / Product / Implementation Officer
Implementation,Senior Software Tester,Project / Process,On-Site / Remote System Installation & Configuration,100% compliance with deployment standard operating procedures (SOPs) and runbooks,25.00,Sourced from Functional / Delivery / Product / Implementation Officer
Implementation,Senior Software Tester,Project / Process,UAT Patch Deployment & Smoke Testing,Execute UAT deployment patches with 100% accuracy and verify core workflows,20.00,Sourced from Functional / Delivery / Product / Implementation Officer
Implementation,Senior Software Tester,Internal / External Customer,Client Onboarding Support & Issue Turnaround,Acknowledge client operational support tickets within 15 mins; resolve within SLA,10.00,Sourced from Functional / Delivery / Product / Implementation Officer
Implementation,Senior Software Tester,People,Technical Skill Growth & Certification,Complete product deployment certifications & 40 hours annual skill training,10.00,Sourced from Functional / Delivery / Product / Implementation Officer
Implementation,Technical Architect,Financial,Implementation Efficiency & Turnaround Optimization,Reduce client deployment cycle time by 15%; ensure zero cost overrun on deployment effort,20.00,Sourced from Functional / Delivery / Product / Implementation Architect
Implementation,Technical Architect,Financial,Solution Reusability & Standardization,Drive 20%+ component reusability across enterprise banking deployments,15.00,Sourced from Functional / Delivery / Product / Implementation Architect
Implementation,Technical Architect,Project / Process,End-to-End Technical Implementation Blueprint & HLD/LLD,100% architectural blueprint approval from client IT/security teams prior to deployment,25.00,Sourced from Functional / Delivery / Product / Implementation Architect
Implementation,Technical Architect,Project / Process,"Integration Architecture, Performance & High Availability",Ensure 99.99% system uptime during UAT/Production go-live; TPS throughput SLA met,20.00,Sourced from Functional / Delivery / Product / Implementation Architect
Implementation,Technical Architect,Internal / External Customer,Bank Enterprise Architect Engagement & Go-Live Signoff,Achieve first-time UAT sign-off rate >= 90%; client CSAT score >= 9/10,10.00,Sourced from Functional / Delivery / Product / Implementation Architect
Implementation,Technical Architect,People,Implementation Knowledge Sharing & Standards Definition,Publish deployment runbooks; mentor implementation engineers; complete 40 hrs training,10.00,Sourced from Functional / Delivery / Product / Implementation Architect
Implementation,Vice President I,Financial,"Division P&L, Revenue Growth & EBIT Targets",Deliver target annual division revenue (15-20% YoY growth) and EBITDA margin,25.00,Sourced from Functional / Delivery / Product / Deputy Vice President
Implementation,Vice President I,Financial,OPEX & CAPEX Optimization Strategy,Optimize operational expenditure; zero unbudgeted financial overrun,15.00,Sourced from Functional / Delivery / Product / Deputy Vice President
Implementation,Vice President I,Project / Process,Strategic Roadmap Execution & Operational Resilience,Achieve 99.99% operational SLA compliance across division deliverables,20.00,Sourced from Functional / Delivery / Product / Deputy Vice President
Implementation,Vice President I,Project / Process,"Governance, Audit & Regulatory Excellence",100% clean audit reports from central bank and enterprise client audits,15.00,Sourced from Functional / Delivery / Product / Deputy Vice President
Implementation,Vice President I,Internal / External Customer,Senior Bank Leadership Relationships & Strategic Retention,Maintain C-level client relationship health score >= 9.2/10; 0 account churn,13.00,Sourced from Functional / Delivery / Product / Deputy Vice President
Implementation,Vice President I,People,Executive Succession Planning & High-Performance Culture,Build strong middle management leadership pipeline; key talent attrition < 8%,12.00,Sourced from Functional / Delivery / Product / Deputy Vice President
Implementation,Vice President II,Financial,"Division P&L, Revenue Growth & EBIT Targets",Deliver target annual division revenue (15-20% YoY growth) and EBITDA margin,25.00,Sourced from Functional / Delivery / Product / Deputy Vice President
Implementation,Vice President II,Financial,OPEX & CAPEX Optimization Strategy,Optimize operational expenditure; zero unbudgeted financial overrun,15.00,Sourced from Functional / Delivery / Product / Deputy Vice President
Implementation,Vice President II,Project / Process,Strategic Roadmap Execution & Operational Resilience,Achieve 99.99% operational SLA compliance across division deliverables,20.00,Sourced from Functional / Delivery / Product / Deputy Vice President
Implementation,Vice President II,Project / Process,"Governance, Audit & Regulatory Excellence",100% clean audit reports from central bank and enterprise client audits,15.00,Sourced from Functional / Delivery / Product / Deputy Vice President
Implementation,Vice President II,Internal / External Customer,Senior Bank Leadership Relationships & Strategic Retention,Maintain C-level client relationship health score >= 9.2/10; 0 account churn,13.00,Sourced from Functional / Delivery / Product / Deputy Vice President
Implementation,Vice President II,People,Executive Succession Planning & High-Performance Culture,Build strong middle management leadership pipeline; key talent attrition < 8%,12.00,Sourced from Functional / Delivery / Product / Deputy Vice President
Incident,Manager,Financial,Incident Management,"100% Compliance of incident management processes (Ensure Incidents are properly acknowledged, logged, coordinated, escalated and closed on time.)",18.00,File name gives no department; content is incident management; Sourced from Application Support / Incident Management
Incident,Manager,Project / Process,Stakeholder Communication,Zero escalation from client / internal stakeholders about communication skills.{Timely & clear communication with stakeholders ( Various teams / Customer / Management )}.,15.00,File name gives no department; content is incident management; Sourced from Application Support / Incident Management
Incident,Manager,Project / Process,Documentation & Report Preparation,"100% creation and updation of all static, periodic and incident based documents (example: PIR report, escalation matrix, periodic reports etc)",14.00,File name gives no department; content is incident management; Sourced from Application Support / Incident Management
Incident,Manager,Project / Process,"Static : Escalation Matrix, Incident Management Process document ( Assign Bank to team mates ) --> Monthly review",,9.00,File name gives no department; content is incident management; Sourced from Application Support / Incident Management
Incident,Manager,Project / Process,Periodic : Monthly report ( Assign Bank to team mates ) --> Monthly review,,9.00,File name gives no department; content is incident management; Sourced from Application Support / Incident Management
Incident,Manager,Project / Process,"Incident based: PIR, jira Ticket ( shift based) --> Monthly review",,9.00,File name gives no department; content is incident management; Sourced from Application Support / Incident Management
Incident,Manager,Project / Process,Continual Improvement,Number of improvement initiatives taken (Minimum 1 per quarter),7.00,File name gives no department; content is incident management; Sourced from Application Support / Incident Management
Incident,Manager,Internal / External Customer,C-SAT,8 by 10 ( Templatised data from client/internal manager ),7.00,File name gives no department; content is incident management; Sourced from Application Support / Incident Management
Incident,Manager,People,Product Understanding,Required to have broad high level understanding of supporting products.,4.00,File name gives no department; content is incident management; Sourced from Application Support / Incident Management
Incident,Manager,People,Training,40 hours of training in a year arranged by MGS,4.00,File name gives no department; content is incident management; Sourced from Application Support / Incident Management
Incident,Manager,People,Interpersonal skills,No Major Escalation for behavioral issues,4.00,File name gives no department; content is incident management; Sourced from Application Support / Incident Management
Incident,Senior Manager,Financial,Incident Management,"100% Compliance of incident management processes (Ensure Incidents are properly acknowledged, logged, coordinated, escalated and closed on time.)",18.00,File name gives no department; content is incident management; Sourced from Application Support / Incident Management
Incident,Senior Manager,Project / Process,Stakeholder Communication,Zero escalation from client / internal stakeholders about communication skills.{Timely & clear communication with stakeholders ( Various teams / Customer / Management )}.,15.00,File name gives no department; content is incident management; Sourced from Application Support / Incident Management
Incident,Senior Manager,Project / Process,Documentation & Report Preparation,"100% creation and updation of all static, periodic and incident based documents (example: PIR report, escalation matrix, periodic reports etc)",14.00,File name gives no department; content is incident management; Sourced from Application Support / Incident Management
Incident,Senior Manager,Project / Process,"Static : Escalation Matrix, Incident Management Process document ( Assign Bank to team mates ) --> Monthly review",,9.00,File name gives no department; content is incident management; Sourced from Application Support / Incident Management
Incident,Senior Manager,Project / Process,Periodic : Monthly report ( Assign Bank to team mates ) --> Monthly review,,9.00,File name gives no department; content is incident management; Sourced from Application Support / Incident Management
Incident,Senior Manager,Project / Process,"Incident based: PIR, jira Ticket ( shift based) --> Monthly review",,9.00,File name gives no department; content is incident management; Sourced from Application Support / Incident Management
Incident,Senior Manager,Project / Process,Continual Improvement,Number of improvement initiatives taken (Minimum 1 per quarter),7.00,File name gives no department; content is incident management; Sourced from Application Support / Incident Management
Incident,Senior Manager,Internal / External Customer,C-SAT,8 by 10 ( Templatised data from client/internal manager ),7.00,File name gives no department; content is incident management; Sourced from Application Support / Incident Management
Incident,Senior Manager,People,Product Understanding,Required to have broad high level understanding of supporting products.,4.00,File name gives no department; content is incident management; Sourced from Application Support / Incident Management
Incident,Senior Manager,People,Training,40 hours of training in a year arranged by MGS,4.00,File name gives no department; content is incident management; Sourced from Application Support / Incident Management
Incident,Senior Manager,People,Interpersonal skills,No Major Escalation for behavioral issues,4.00,File name gives no department; content is incident management; Sourced from Application Support / Incident Management
Incident,Senior Software Analyst,Financial,Incident Management,"100% Compliance of incident management processes (Ensure Incidents are properly acknowledged, logged, coordinated, escalated and closed on time.)",18.00,File name gives no department; content is incident management; Sourced from Application Support / Incident Management
Incident,Senior Software Analyst,Project / Process,Stakeholder Communication,Zero escalation from client / internal stakeholders about communication skills.{Timely & clear communication with stakeholders ( Various teams / Customer / Management )}.,15.00,File name gives no department; content is incident management; Sourced from Application Support / Incident Management
Incident,Senior Software Analyst,Project / Process,Documentation & Report Preparation,"100% creation and updation of all static, periodic and incident based documents (example: PIR report, escalation matrix, periodic reports etc)",14.00,File name gives no department; content is incident management; Sourced from Application Support / Incident Management
Incident,Senior Software Analyst,Project / Process,"Static : Escalation Matrix, Incident Management Process document ( Assign Bank to team mates ) --> Monthly review",,9.00,File name gives no department; content is incident management; Sourced from Application Support / Incident Management
Incident,Senior Software Analyst,Project / Process,Periodic : Monthly report ( Assign Bank to team mates ) --> Monthly review,,9.00,File name gives no department; content is incident management; Sourced from Application Support / Incident Management
Incident,Senior Software Analyst,Project / Process,"Incident based: PIR, jira Ticket ( shift based) --> Monthly review",,9.00,File name gives no department; content is incident management; Sourced from Application Support / Incident Management
Incident,Senior Software Analyst,Project / Process,Continual Improvement,Number of improvement initiatives taken (Minimum 1 per quarter),7.00,File name gives no department; content is incident management; Sourced from Application Support / Incident Management
Incident,Senior Software Analyst,Internal / External Customer,C-SAT,8 by 10 ( Templatised data from client/internal manager ),7.00,File name gives no department; content is incident management; Sourced from Application Support / Incident Management
Incident,Senior Software Analyst,People,Product Understanding,Required to have broad high level understanding of supporting products.,4.00,File name gives no department; content is incident management; Sourced from Application Support / Incident Management
Incident,Senior Software Analyst,People,Training,40 hours of training in a year arranged by MGS,4.00,File name gives no department; content is incident management; Sourced from Application Support / Incident Management
Incident,Senior Software Analyst,People,Interpersonal skills,No Major Escalation for behavioral issues,4.00,File name gives no department; content is incident management; Sourced from Application Support / Incident Management
Legal & Compliance,Senior Executive,Internal / External Customer,Guidance to end use to raise tickets in tools,100% Adherenace to guidelines,10.00,"Sourced from Cyber Security / GRC Analyst [New shelf 25-Sep-2026 — adapted, please review]"
Legal & Compliance,Senior Executive,Internal / External Customer,C-SaT,08by 10,10.00,"Sourced from Cyber Security / GRC Analyst [New shelf 25-Sep-2026 — adapted, please review]"
Legal & Compliance,Senior Executive,People,Training & skill development,40 hours of training in a year arranged by MGS,10.00,"Sourced from Cyber Security / GRC Analyst [New shelf 25-Sep-2026 — adapted, please review]"
Legal & Compliance,Senior Executive,People,Interpersonal skills,No Major Escalation for behavioral issues,10.00,"Sourced from Cyber Security / GRC Analyst [New shelf 25-Sep-2026 — adapted, please review]"
Legal & Compliance,Senior Executive,Financial,Implementation of Regulatory guidelines,100% ahereance to guidelines,10.00,"Sourced from Cyber Security / GRC Analyst [New shelf 25-Sep-2026 — adapted, please review]"
Legal & Compliance,Senior Executive,Financial,Renewal of certificate,"annually renewal of certifcation (ISO 27001, ISO 2230 & PCIDSS)",10.00,"Sourced from Cyber Security / GRC Analyst [New shelf 25-Sep-2026 — adapted, please review]"
Legal & Compliance,Senior Executive,Project / Process,Internal Audit,Audit clauser with Minor NC and collabration with respective department for the same,10.00,"Sourced from Cyber Security / GRC Analyst [New shelf 25-Sep-2026 — adapted, please review]"
Legal & Compliance,Senior Executive,Project / Process,3rd party Vendor Audit,100% ahereance to guidelines,10.00,"Sourced from Cyber Security / GRC Analyst [New shelf 25-Sep-2026 — adapted, please review]"
Legal & Compliance,Senior Executive,Project / Process,Client Audit,100% ahereance to guidelines,10.00,"Sourced from Cyber Security / GRC Analyst [New shelf 25-Sep-2026 — adapted, please review]"
Legal & Compliance,Senior Executive,Internal / External Customer,Process Optimization & Updation to regulatlory guidelines,100% Adherenace to guidelines,10.00,"Sourced from Cyber Security / GRC Analyst [New shelf 25-Sep-2026 — adapted, please review]"
Legal & Compliance,Senior Manager,Internal / External Customer,Guidance to end use to raise tickets in tools,100% Adherenace to guidelines,10.00,"Sourced from Cyber Security / GRC Analyst [New shelf 25-Sep-2026 — adapted, please review]"
Legal & Compliance,Senior Manager,Internal / External Customer,C-SaT,08by 10,10.00,"Sourced from Cyber Security / GRC Analyst [New shelf 25-Sep-2026 — adapted, please review]"
Legal & Compliance,Senior Manager,People,Training & skill development,40 hours of training in a year arranged by MGS,10.00,"Sourced from Cyber Security / GRC Analyst [New shelf 25-Sep-2026 — adapted, please review]"
Legal & Compliance,Senior Manager,People,Interpersonal skills,No Major Escalation for behavioral issues,10.00,"Sourced from Cyber Security / GRC Analyst [New shelf 25-Sep-2026 — adapted, please review]"
Legal & Compliance,Senior Manager,Financial,Implementation of Regulatory guidelines,100% ahereance to guidelines,10.00,"Sourced from Cyber Security / GRC Analyst [New shelf 25-Sep-2026 — adapted, please review]"
Legal & Compliance,Senior Manager,Financial,Renewal of certificate,"annually renewal of certifcation (ISO 27001, ISO 2230 & PCIDSS)",10.00,"Sourced from Cyber Security / GRC Analyst [New shelf 25-Sep-2026 — adapted, please review]"
Legal & Compliance,Senior Manager,Project / Process,Internal Audit,Audit clauser with Minor NC and collabration with respective department for the same,10.00,"Sourced from Cyber Security / GRC Analyst [New shelf 25-Sep-2026 — adapted, please review]"
Legal & Compliance,Senior Manager,Project / Process,3rd party Vendor Audit,100% ahereance to guidelines,10.00,"Sourced from Cyber Security / GRC Analyst [New shelf 25-Sep-2026 — adapted, please review]"
Legal & Compliance,Senior Manager,Project / Process,Client Audit,100% ahereance to guidelines,10.00,"Sourced from Cyber Security / GRC Analyst [New shelf 25-Sep-2026 — adapted, please review]"
Legal & Compliance,Senior Manager,Internal / External Customer,Process Optimization & Updation to regulatlory guidelines,100% Adherenace to guidelines,10.00,"Sourced from Cyber Security / GRC Analyst [New shelf 25-Sep-2026 — adapted, please review]"
Legal & Compliance,Vice President I,Financial,Strategic Financial Planning & Profitability,"Achieve corporate revenue, gross margin, and EBITDA targets; maintain OPEX within approved budget",25.00,"Sourced from Business Finance / Vice President [New shelf 25-Sep-2026 — adapted, please review]"
Legal & Compliance,Vice President I,Financial,Capital Allocation & Working Capital Management,"Optimize Days Sales Outstanding (DSO) < 45 days, reduce cost of capital, and manage cash flow forecasting",15.00,"Sourced from Business Finance / Vice President [New shelf 25-Sep-2026 — adapted, please review]"
Legal & Compliance,Vice President I,Project / Process,Financial Governance & Regulatory Compliance,"100% compliance with statutory audits, tax regulations, and internal financial controls; 0 material audit findings",20.00,"Sourced from Business Finance / Vice President [New shelf 25-Sep-2026 — adapted, please review]"
Legal & Compliance,Vice President I,Project / Process,Strategic Pricing & Commercial Deal Structuring,Structure & approve enterprise commercial proposals to ensure minimum project gross margin >= 35%,15.00,"Sourced from Business Finance / Vice President [New shelf 25-Sep-2026 — adapted, please review]"
Legal & Compliance,Vice President I,Internal / External Customer,Executive Leadership & Investor/Board Reporting,Deliver monthly/quarterly financial dashboards to Board & CXOs; first-time accuracy of forecasts >= 95%,13.00,"Sourced from Business Finance / Vice President [New shelf 25-Sep-2026 — adapted, please review]"
Legal & Compliance,Vice President I,People,Finance Organization Leadership & Talent Development,Build high-performing finance team; maintain team attrition < 8%; ensure 100% timely performance reviews,12.00,"Sourced from Business Finance / Vice President [New shelf 25-Sep-2026 — adapted, please review]"
Management,Business Head,Financial,"Division P&L, Revenue Growth & EBIT Targets",Deliver target annual division revenue (15-20% YoY growth) and EBITDA margin,25.00,"Sourced from Functional / Delivery / Product / Deputy Vice President [New shelf 25-Sep-2026 — adapted, please review]"
Management,Business Head,Financial,OPEX & CAPEX Optimization Strategy,Optimize operational expenditure; zero unbudgeted financial overrun,15.00,"Sourced from Functional / Delivery / Product / Deputy Vice President [New shelf 25-Sep-2026 — adapted, please review]"
Management,Business Head,Project / Process,Strategic Roadmap Execution & Operational Resilience,Achieve 99.99% operational SLA compliance across division deliverables,20.00,"Sourced from Functional / Delivery / Product / Deputy Vice President [New shelf 25-Sep-2026 — adapted, please review]"
Management,Business Head,Project / Process,"Governance, Audit & Regulatory Excellence",100% clean audit reports from central bank and enterprise client audits,15.00,"Sourced from Functional / Delivery / Product / Deputy Vice President [New shelf 25-Sep-2026 — adapted, please review]"
Management,Business Head,Internal / External Customer,Senior Bank Leadership Relationships & Strategic Retention,Maintain C-level client relationship health score >= 9.2/10; 0 account churn,13.00,"Sourced from Functional / Delivery / Product / Deputy Vice President [New shelf 25-Sep-2026 — adapted, please review]"
Management,Business Head,People,Executive Succession Planning & High-Performance Culture,Build strong middle management leadership pipeline; key talent attrition < 8%,12.00,"Sourced from Functional / Delivery / Product / Deputy Vice President [New shelf 25-Sep-2026 — adapted, please review]"
Management,Software Architect,Financial,Design Document for Every Major/Minor Project,Before Development activity starts document should be finalised and approved.,3.00,"[New shelf 25-Sep-2026 — adapted, please review]"
Management,Software Architect,Financial,Design Decsions and alternatives to be documented.,,3.00,"[New shelf 25-Sep-2026 — adapted, please review]"
Management,Software Architect,Financial,Final Submission Document to Implementation and Support post completion of the project.,Support and maintainblity documentation to be submitted at the end of the project.,2.00,"[New shelf 25-Sep-2026 — adapted, please review]"
Management,Software Architect,Financial,Architecture cost efficiency & infrastructure sizing,Design software architecture that optimizes server compute/storage costs by 10-15%,8.00,"[New shelf 25-Sep-2026 — adapted, please review]"
Management,Software Architect,Financial,Future-proof technical design to prevent re-architecture costs,Zero major architectural redesign required within 2 years of project launch,5.00,"[New shelf 25-Sep-2026 — adapted, please review]"
Management,Software Architect,Project / Process,Discussion and Review with OEM to be done and documented,,5.00,"[New shelf 25-Sep-2026 — adapted, please review]"
Management,Software Architect,Project / Process,Solution Architecture & High-Level / Low-Level Design (HLD/LLD),Deliver 100% comprehensive architecture blueprints & FSD approval before dev start,13.00,"[New shelf 25-Sep-2026 — adapted, please review]"
Management,Software Architect,Project / Process,Technology stack selection & security/compliance standards,"100% adherence to PCI-DSS, ISO 27001 & OWASP architecture benchmarks",10.00,"[New shelf 25-Sep-2026 — adapted, please review]"
Management,Software Architect,Project / Process,"Performance engineering, scalability & benchmark testing",Ensure application architecture supports target TPS (Transactions Per Sec) & < 200ms latency,8.00,"[New shelf 25-Sep-2026 — adapted, please review]"
Management,Software Architect,Internal / External Customer,Client architecture representation & technical approval,100% first-time sign-off from bank enterprise architects,4.00,"[New shelf 25-Sep-2026 — adapted, please review]"
Management,Software Architect,People,"Tech thought leadership, standards definition & mentoring",Publish enterprise tech guidelines; mentor tech leads; 40 hrs advanced tech research,4.00,"[New shelf 25-Sep-2026 — adapted, please review]"
Management,Software Architect,Financial,Ensure project budget is approved by Respective delivery head,Before Project Approval,2.00,"[New shelf 25-Sep-2026 — adapted, please review]"
Management,Software Architect,Financial,CR & Project Delivery Planned Vs/ Actual,As per milestone Tracked in Zoho,2.00,"[New shelf 25-Sep-2026 — adapted, please review]"
Management,Software Architect,Financial,Ensuring the code review and security compliance,Defect Ratio should not be more than 5%,1.00,"[New shelf 25-Sep-2026 — adapted, please review]"
Management,Software Architect,Financial,changes should not lead to out of fund,0 Out of fund production issue,2.00,"[New shelf 25-Sep-2026 — adapted, please review]"
Management,Software Architect,Financial,Stage wise tracking of Project/CR planned vs actual,Every Month for all projects,2.00,"[New shelf 25-Sep-2026 — adapted, please review]"
Management,Software Architect,Project / Process,Design of Architecture with Delivery Head,Architeture should be part of Functional Specific Document,3.00,"[New shelf 25-Sep-2026 — adapted, please review]"
Management,Software Architect,Project / Process,Use of Tools (Zoho) for project Tracking,100% Adaption with reviewed and audited by lead,2.00,"[New shelf 25-Sep-2026 — adapted, please review]"
Management,Software Architect,Project / Process,Focus on coding Quality,FTR,2.00,"[New shelf 25-Sep-2026 — adapted, please review]"
Management,Software Architect,Internal / External Customer,Response to Client queries & Escalations,Max in 24 Hrs all the escalation & 48 hrs for Queries,5.00,"[New shelf 25-Sep-2026 — adapted, please review]"
Management,Software Architect,Internal / External Customer,C-SAT,8 By 10,2.00,"[New shelf 25-Sep-2026 — adapted, please review]"
Management,Software Architect,Internal / External Customer,CAB Review clearance,FTR,2.00,"[New shelf 25-Sep-2026 — adapted, please review]"
Management,Software Architect,Internal / External Customer,CCB (Central control Board) Review,90% Adherence to compliance,2.00,"CCB to be complated with in first meeting [New shelf 25-Sep-2026 — adapted, please review]"
Management,Software Architect,People,Interper sonal Skills,"Behavioural Skills, collabration with in team and be good people manager",2.00,"[New shelf 25-Sep-2026 — adapted, please review]"
Management,Software Architect,People,Team attrition for Overall CI,< 15%,2.00,"[New shelf 25-Sep-2026 — adapted, please review]"
Management,Software Architect,People,Training,Ensure 40Hrs of training in year,2.00,"[New shelf 25-Sep-2026 — adapted, please review]"
Management,Software Architect,People,Optimal utilization of resouces,100% Utilization of Resources,2.00,"[New shelf 25-Sep-2026 — adapted, please review]"
Marketing,Assistant Manager,Financial,Campaign Budget Execution & Lead Generation Efficiency,Execute digital marketing and event campaigns within approved quarterly budget limits; achieve targeted MQLs,20.00,Sourced from Marketing & Branding / Assistant Manager
Marketing,Assistant Manager,Financial,Marketing Vendor Cost Management,Process agency/vendor invoices with 100% billing accuracy; negotiate vendor rates saving 5% OPEX,15.00,Sourced from Marketing & Branding / Assistant Manager
Marketing,Assistant Manager,Project / Process,"Digital Marketing, SEO & Social Media Campaign Management",Increase organic web traffic by 25%; achieve LinkedIn/social media engagement growth rate >= 20%,25.00,Sourced from Marketing & Branding / Assistant Manager
Marketing,Assistant Manager,Project / Process,"Marketing Collateral, Webinars & Event Execution","100% on-time execution of marketing webinars, email newsletters, and sales enablement kits",20.00,Sourced from Marketing & Branding / Assistant Manager
Marketing,Assistant Manager,Internal / External Customer,Sales Team Enablement SLA & Query Turnaround,Deliver requested sales collateral/decks to business development team within 24 hours SLA,10.00,Sourced from Marketing & Branding / Assistant Manager
Marketing,Assistant Manager,People,Skill Growth & Cross-Functional Collaboration,Execute quarterly team check-ins; complete 40 hours of advanced digital marketing/analytics training,10.00,Sourced from Marketing & Branding / Assistant Manager
Marketing,Senior Graphic Designer,Financial,Design Production Cost Control & Re-work Reduction,Deliver creative design assets within allocated project effort hours; design revisions limited to <= 2 rounds,20.00,Sourced from Marketing & Branding / Senior Graphic Designer
Marketing,Senior Graphic Designer,Financial,Brand Asset Reuse & Design Template Standardization,Drive 25%+ efficiency in creative output via standardized brand design system & reusable templates,15.00,Sourced from Marketing & Branding / Senior Graphic Designer
Marketing,Senior Graphic Designer,Project / Process,"Creative Brand Design, UI Assets & Campaign Collateral","100% adherence to corporate brand guidelines across all marketing decks, brochures, social graphics & UI assets",25.00,Sourced from Marketing & Branding / Senior Graphic Designer
Marketing,Senior Graphic Designer,Project / Process,Multi-Media & Event Graphic Production Governance,100% on-time delivery of print-ready and digital event branding assets; 0 print/design resolution defects,20.00,Sourced from Marketing & Branding / Senior Graphic Designer
Marketing,Senior Graphic Designer,Internal / External Customer,Internal Stakeholder Creative Design SLA,Turnaround graphics/deck requests within agreed SLA (24-48 hrs); internal stakeholder rating >= 9/10,10.00,Sourced from Marketing & Branding / Senior Graphic Designer
Marketing,Senior Graphic Designer,People,Creative Trend Research & Junior Designer Mentorship,Mentor junior graphic designers; conduct quarterly design trend share; complete 40 hours specialized training,10.00,Sourced from Marketing & Branding / Senior Graphic Designer
Marketing,Vice President I,Financial,Marketing ROI & Revenue Pipeline Contribution,Drive marketing-sourced pipeline growth contributing to 20%+ of corporate ARR; manage marketing OPEX budget (+/- 3% variance),25.00,Sourced from Marketing & Branding / Vice President
Marketing,Vice President I,Financial,Customer Acquisition Cost (CAC) Optimization,Optimize digital acquiring and campaign cost per lead (CPL) to reduce overall CAC by 10% YoY,15.00,Sourced from Marketing & Branding / Vice President
Marketing,Vice President I,Project / Process,"Brand Strategy, Fintech Positioning & Thought Leadership",Establish Mindgate as a tier-1 fintech leader in digital payments; sponsor major industry whitepapers and global events,20.00,Sourced from Marketing & Branding / Vice President
Marketing,Vice President I,Project / Process,Product Marketing & Go-To-Market (GTM) Campaign Governance,Execute GTM campaigns for new core payment modules with 100% on-time product launch alignment,15.00,Sourced from Marketing & Branding / Vice President
Marketing,Vice President I,Internal / External Customer,Brand Reputation & Customer Engagement Satisfaction,Achieve brand perception & media impression targets; corporate marketing CSAT score >= 9/10,13.00,Sourced from Marketing & Branding / Vice President
Marketing,Vice President I,People,Marketing Leadership & Team Skill Development,Build high-performing marketing & design team; maintain team attrition < 10%; 100% timely performance reviews,12.00,Sourced from Marketing & Branding / Vice President
Merchant,Executive,Financial,Merchant Onboarding Completion Rate,100% of completion Rate,9.00,Tab named after a person (Rohan); Sourced from MOT / Team Lead
Merchant,Executive,Financial,Walkthorugh and query resolution,100% of completion Rate,9.00,Tab named after a person (Rohan); Sourced from MOT / Team Lead
Merchant,Executive,Financial,Development and Testing Support,100% of completion Rate,9.00,Tab named after a person (Rohan); Sourced from MOT / Team Lead
Merchant,Executive,Financial,End to End UAT support till sign off,100% of completion Rate,9.00,Tab named after a person (Rohan); Sourced from MOT / Team Lead
Merchant,Executive,Financial,"TD, BD analysis beyond Threshold",100% of case (Including Daily) going beyond threashold(TD>0.1%) to be reviewed with Product & Mobile Application Developers and closed end to end,9.00,Tab named after a person (Rohan); Sourced from MOT / Team Lead
Merchant,Executive,Project / Process,Integration Success Rate:,1,9.00,Tab named after a person (Rohan); Sourced from MOT / Team Lead
Merchant,Executive,Project / Process,Bug Resolution and Documentation,100%cases reported by client to be closed end to end,5.00,Tab named after a person (Rohan); Sourced from MOT / Team Lead
Merchant,Executive,Project / Process,Collaboration & Product Improvement,100% Adapation of User Friendly requirement,5.00,Tab named after a person (Rohan); Sourced from MOT / Team Lead
Merchant,Executive,Project / Process,Weekly Review with team,100% Submission of weekly tracker,4.00,Tab named after a person (Rohan); Sourced from MOT / Team Lead
Merchant,Executive,Project / Process,Meeting with Client/Internal team,Weekly meeting with proper MOM & Actionable,4.00,Tab named after a person (Rohan); Sourced from MOT / Team Lead
Merchant,Executive,Project / Process,Knowledge Transfer,Understand the product from Development and give knowledage session to next level team Min 2 sessions monthly.,4.00,Tab named after a person (Rohan); Sourced from MOT / Team Lead
Merchant,Executive,Internal / External Customer,Merchant Satisfaction Score (Integration Phase):,8 by 10,6.00,Tab named after a person (Rohan); Sourced from MOT / Team Lead
Merchant,Executive,Internal / External Customer,Proactive Communication & Guidance,100% adherence to guidelines,6.00,Tab named after a person (Rohan); Sourced from MOT / Team Lead
Merchant,Executive,People,Time sheet,100% Adherence,4.00,Tab named after a person (Rohan); Sourced from MOT / Team Lead
Merchant,Executive,People,Interpersonal skills,No Major Escalation for behavioral issues,4.00,Tab named after a person (Rohan); Sourced from MOT / Team Lead
Merchant,Executive,People,Training,40 hours of training in a year arrnaged by MGS,4.00,Tab named after a person (Rohan); Sourced from MOT / Team Lead
Merchant,Manager,Financial,Merchant Onboarding Completion Rate as per product SLA defined,100% of completion Rate,5.00,Sourced from MOT / Project Manager
Merchant,Manager,Financial,End to End UAT support till sign off,100% of completion Rate,5.00,Sourced from MOT / Project Manager
Merchant,Manager,Financial,Post On-Boarding,100% of completion Rate,5.00,Sourced from MOT / Project Manager
Merchant,Manager,Financial,Time to respond to Deliverable,Max 2 days,5.00,Sourced from MOT / Project Manager
Merchant,Manager,Financial,Tracking of CR & Project Delivery Planned Vs/ Actual,As per effort Tracked in Zoho,2.00,Sourced from MOT / Project Manager
Merchant,Manager,Financial,People Addition to project,Not more than 10% more than planned,4.00,Sourced from MOT / Project Manager
Merchant,Manager,Project / Process,Integration Success Rate,1,4.00,Sourced from MOT / Project Manager
Merchant,Manager,Project / Process,Bug Resolution and Documentation,100%cases reported by client to be closed end to end,4.00,Sourced from MOT / Project Manager
Merchant,Manager,Project / Process,Product Improvement in Collaboration with internal teams,100% Adapation of User Friendly requirement,4.00,Sourced from MOT / Project Manager
Merchant,Manager,Project / Process,Weekly Review with team,100% Submission of weekly tracker,2.00,Sourced from MOT / Project Manager
Merchant,Manager,Project / Process,Meeting with Client/Internal team,Weekly meeting with proper MOM & Actionable,2.00,Sourced from MOT / Project Manager
Merchant,Manager,Project / Process,Onboarding,100% completion rate,4.00,"Untitled tab, 4 onboarding milestones, no parameters - confirm this belongs here; Sourced from MOT / Project Manager"
Merchant,Manager,Project / Process,UAT Completion,70% of completion,4.00,"Untitled tab, 4 onboarding milestones, no parameters - confirm this belongs here; Sourced from MOT / Project Manager"
Merchant,Manager,Project / Process,Post onboarding,40% of Completion,4.00,"Untitled tab, 4 onboarding milestones, no parameters - confirm this belongs here; Sourced from MOT / Project Manager"
Merchant,Manager,Project / Process,Actual Transaction,30% of completion,4.00,"Untitled tab, 4 onboarding milestones, no parameters - confirm this belongs here; Sourced from MOT / Project Manager"
Merchant,Manager,Project / Process,Use of Tools (Zoho) for project Planning & WBS,100% Adaption,4.00,Sourced from MOT / Project Manager
Merchant,Manager,Project / Process,Stage wise tracking of CR planned vs actual,Every Month for all projects,2.00,Sourced from MOT / Project Manager
Merchant,Manager,Project / Process,Bank & Team cooridnation,100% Timely review,4.00,Sourced from MOT / Project Manager
Merchant,Manager,Internal / External Customer,Merchant Satisfaction Score (Integration Phase):,8 by 10,4.00,Sourced from MOT / Project Manager
Merchant,Manager,Internal / External Customer,Proactive Communication & Guidance,100% adherence to guidelines,2.00,Sourced from MOT / Project Manager
Merchant,Manager,Internal / External Customer,Response to queries,Max in 24 Hrs all the time,4.00,Sourced from MOT / Project Manager
Merchant,Manager,Internal / External Customer,Drop in Escalation,Drop in escalation by 80%,2.00,Sourced from MOT / Project Manager
Merchant,Manager,People,Time sheet,100% Adherence,2.00,Sourced from MOT / Project Manager
Merchant,Manager,People,Interpersonal skills,No Major Escalation for behavioral issues,2.00,Sourced from MOT / Project Manager
Merchant,Manager,People,Training,40 hours of training in a year arrnaged by MGS,2.00,Sourced from MOT / Project Manager
Merchant,Manager,People,Timely Interviews,Not more than 10% cancellation / postponement,4.00,Sourced from MOT / Project Manager
Merchant,Manager,People,Compliance to Zoho Time,1,4.00,Sourced from MOT / Project Manager
Merchant,Manager,People,Team attrition for Overall CI,< 15%,4.00,Sourced from MOT / Project Manager
Merchant,Manager,People,Employee Review Quarterly,1,2.00,Sourced from MOT / Project Manager
Merchant,Project Coordinator,Financial,Merchant Onboarding Completion Rate as per product SLA defined,100% of completion Rate,5.00,Sourced from MOT / Project Manager
Merchant,Project Coordinator,Financial,End to End UAT support till sign off,100% of completion Rate,5.00,Sourced from MOT / Project Manager
Merchant,Project Coordinator,Financial,Post On-Boarding,100% of completion Rate,5.00,Sourced from MOT / Project Manager
Merchant,Project Coordinator,Financial,Time to respond to Deliverable,Max 2 days,5.00,Sourced from MOT / Project Manager
Merchant,Project Coordinator,Financial,Tracking of CR & Project Delivery Planned Vs/ Actual,As per effort Tracked in Zoho,2.00,Sourced from MOT / Project Manager
Merchant,Project Coordinator,Financial,People Addition to project,Not more than 10% more than planned,4.00,Sourced from MOT / Project Manager
Merchant,Project Coordinator,Project / Process,Integration Success Rate,1,4.00,Sourced from MOT / Project Manager
Merchant,Project Coordinator,Project / Process,Bug Resolution and Documentation,100%cases reported by client to be closed end to end,4.00,Sourced from MOT / Project Manager
Merchant,Project Coordinator,Project / Process,Product Improvement in Collaboration with internal teams,100% Adapation of User Friendly requirement,4.00,Sourced from MOT / Project Manager
Merchant,Project Coordinator,Project / Process,Weekly Review with team,100% Submission of weekly tracker,2.00,Sourced from MOT / Project Manager
Merchant,Project Coordinator,Project / Process,Meeting with Client/Internal team,Weekly meeting with proper MOM & Actionable,2.00,Sourced from MOT / Project Manager
Merchant,Project Coordinator,Project / Process,Onboarding,100% completion rate,4.00,"Untitled tab, 4 onboarding milestones, no parameters - confirm this belongs here; Sourced from MOT / Project Manager"
Merchant,Project Coordinator,Project / Process,UAT Completion,70% of completion,4.00,"Untitled tab, 4 onboarding milestones, no parameters - confirm this belongs here; Sourced from MOT / Project Manager"
Merchant,Project Coordinator,Project / Process,Post onboarding,40% of Completion,4.00,"Untitled tab, 4 onboarding milestones, no parameters - confirm this belongs here; Sourced from MOT / Project Manager"
Merchant,Project Coordinator,Project / Process,Actual Transaction,30% of completion,4.00,"Untitled tab, 4 onboarding milestones, no parameters - confirm this belongs here; Sourced from MOT / Project Manager"
Merchant,Project Coordinator,Project / Process,Use of Tools (Zoho) for project Planning & WBS,100% Adaption,4.00,Sourced from MOT / Project Manager
Merchant,Project Coordinator,Project / Process,Stage wise tracking of CR planned vs actual,Every Month for all projects,2.00,Sourced from MOT / Project Manager
Merchant,Project Coordinator,Project / Process,Bank & Team cooridnation,100% Timely review,4.00,Sourced from MOT / Project Manager
Merchant,Project Coordinator,Internal / External Customer,Merchant Satisfaction Score (Integration Phase):,8 by 10,4.00,Sourced from MOT / Project Manager
Merchant,Project Coordinator,Internal / External Customer,Proactive Communication & Guidance,100% adherence to guidelines,2.00,Sourced from MOT / Project Manager
Merchant,Project Coordinator,Internal / External Customer,Response to queries,Max in 24 Hrs all the time,4.00,Sourced from MOT / Project Manager
Merchant,Project Coordinator,Internal / External Customer,Drop in Escalation,Drop in escalation by 80%,2.00,Sourced from MOT / Project Manager
Merchant,Project Coordinator,People,Time sheet,100% Adherence,2.00,Sourced from MOT / Project Manager
Merchant,Project Coordinator,People,Interpersonal skills,No Major Escalation for behavioral issues,2.00,Sourced from MOT / Project Manager
Merchant,Project Coordinator,People,Training,40 hours of training in a year arrnaged by MGS,2.00,Sourced from MOT / Project Manager
Merchant,Project Coordinator,People,Timely Interviews,Not more than 10% cancellation / postponement,4.00,Sourced from MOT / Project Manager
Merchant,Project Coordinator,People,Compliance to Zoho Time,1,4.00,Sourced from MOT / Project Manager
Merchant,Project Coordinator,People,Team attrition for Overall CI,< 15%,4.00,Sourced from MOT / Project Manager
Merchant,Project Coordinator,People,Employee Review Quarterly,1,2.00,Sourced from MOT / Project Manager
Merchant,Senior Executive,Financial,Merchant Onboarding Completion Rate,100% of completion Rate,9.00,Tab named after a person (Rohan); Sourced from MOT / Team Lead
Merchant,Senior Executive,Financial,Walkthorugh and query resolution,100% of completion Rate,9.00,Tab named after a person (Rohan); Sourced from MOT / Team Lead
Merchant,Senior Executive,Financial,Development and Testing Support,100% of completion Rate,9.00,Tab named after a person (Rohan); Sourced from MOT / Team Lead
Merchant,Senior Executive,Financial,End to End UAT support till sign off,100% of completion Rate,9.00,Tab named after a person (Rohan); Sourced from MOT / Team Lead
Merchant,Senior Executive,Financial,"TD, BD analysis beyond Threshold",100% of case (Including Daily) going beyond threashold(TD>0.1%) to be reviewed with Product & Mobile Application Developers and closed end to end,9.00,Tab named after a person (Rohan); Sourced from MOT / Team Lead
Merchant,Senior Executive,Project / Process,Integration Success Rate:,1,9.00,Tab named after a person (Rohan); Sourced from MOT / Team Lead
Merchant,Senior Executive,Project / Process,Bug Resolution and Documentation,100%cases reported by client to be closed end to end,5.00,Tab named after a person (Rohan); Sourced from MOT / Team Lead
Merchant,Senior Executive,Project / Process,Collaboration & Product Improvement,100% Adapation of User Friendly requirement,5.00,Tab named after a person (Rohan); Sourced from MOT / Team Lead
Merchant,Senior Executive,Project / Process,Weekly Review with team,100% Submission of weekly tracker,4.00,Tab named after a person (Rohan); Sourced from MOT / Team Lead
Merchant,Senior Executive,Project / Process,Meeting with Client/Internal team,Weekly meeting with proper MOM & Actionable,4.00,Tab named after a person (Rohan); Sourced from MOT / Team Lead
Merchant,Senior Executive,Project / Process,Knowledge Transfer,Understand the product from Development and give knowledage session to next level team Min 2 sessions monthly.,4.00,Tab named after a person (Rohan); Sourced from MOT / Team Lead
Merchant,Senior Executive,Internal / External Customer,Merchant Satisfaction Score (Integration Phase):,8 by 10,6.00,Tab named after a person (Rohan); Sourced from MOT / Team Lead
Merchant,Senior Executive,Internal / External Customer,Proactive Communication & Guidance,100% adherence to guidelines,6.00,Tab named after a person (Rohan); Sourced from MOT / Team Lead
Merchant,Senior Executive,People,Time sheet,100% Adherence,4.00,Tab named after a person (Rohan); Sourced from MOT / Team Lead
Merchant,Senior Executive,People,Interpersonal skills,No Major Escalation for behavioral issues,4.00,Tab named after a person (Rohan); Sourced from MOT / Team Lead
Merchant,Senior Executive,People,Training,40 hours of training in a year arrnaged by MGS,4.00,Tab named after a person (Rohan); Sourced from MOT / Team Lead
Merchant,Senior Software Analyst,Financial,Merchant Onboarding Completion Rate,100% of completion Rate,9.00,Tab named after a person (Rohan); Sourced from MOT / Team Lead
Merchant,Senior Software Analyst,Financial,Walkthorugh and query resolution,100% of completion Rate,9.00,Tab named after a person (Rohan); Sourced from MOT / Team Lead
Merchant,Senior Software Analyst,Financial,Development and Testing Support,100% of completion Rate,9.00,Tab named after a person (Rohan); Sourced from MOT / Team Lead
Merchant,Senior Software Analyst,Financial,End to End UAT support till sign off,100% of completion Rate,9.00,Tab named after a person (Rohan); Sourced from MOT / Team Lead
Merchant,Senior Software Analyst,Financial,"TD, BD analysis beyond Threshold",100% of case (Including Daily) going beyond threashold(TD>0.1%) to be reviewed with Product & Mobile Application Developers and closed end to end,9.00,Tab named after a person (Rohan); Sourced from MOT / Team Lead
Merchant,Senior Software Analyst,Project / Process,Integration Success Rate:,1,9.00,Tab named after a person (Rohan); Sourced from MOT / Team Lead
Merchant,Senior Software Analyst,Project / Process,Bug Resolution and Documentation,100%cases reported by client to be closed end to end,5.00,Tab named after a person (Rohan); Sourced from MOT / Team Lead
Merchant,Senior Software Analyst,Project / Process,Collaboration & Product Improvement,100% Adapation of User Friendly requirement,5.00,Tab named after a person (Rohan); Sourced from MOT / Team Lead
Merchant,Senior Software Analyst,Project / Process,Weekly Review with team,100% Submission of weekly tracker,4.00,Tab named after a person (Rohan); Sourced from MOT / Team Lead
Merchant,Senior Software Analyst,Project / Process,Meeting with Client/Internal team,Weekly meeting with proper MOM & Actionable,4.00,Tab named after a person (Rohan); Sourced from MOT / Team Lead
Merchant,Senior Software Analyst,Project / Process,Knowledge Transfer,Understand the product from Development and give knowledage session to next level team Min 2 sessions monthly.,4.00,Tab named after a person (Rohan); Sourced from MOT / Team Lead
Merchant,Senior Software Analyst,Internal / External Customer,Merchant Satisfaction Score (Integration Phase):,8 by 10,6.00,Tab named after a person (Rohan); Sourced from MOT / Team Lead
Merchant,Senior Software Analyst,Internal / External Customer,Proactive Communication & Guidance,100% adherence to guidelines,6.00,Tab named after a person (Rohan); Sourced from MOT / Team Lead
Merchant,Senior Software Analyst,People,Time sheet,100% Adherence,4.00,Tab named after a person (Rohan); Sourced from MOT / Team Lead
Merchant,Senior Software Analyst,People,Interpersonal skills,No Major Escalation for behavioral issues,4.00,Tab named after a person (Rohan); Sourced from MOT / Team Lead
Merchant,Senior Software Analyst,People,Training,40 hours of training in a year arrnaged by MGS,4.00,Tab named after a person (Rohan); Sourced from MOT / Team Lead
Merchant,Software Analyst,Financial,Merchant Onboarding Completion Rate,100% of completion Rate,9.00,Tab named after a person (Rohan); Sourced from MOT / Team Lead
Merchant,Software Analyst,Financial,Walkthorugh and query resolution,100% of completion Rate,9.00,Tab named after a person (Rohan); Sourced from MOT / Team Lead
Merchant,Software Analyst,Financial,Development and Testing Support,100% of completion Rate,9.00,Tab named after a person (Rohan); Sourced from MOT / Team Lead
Merchant,Software Analyst,Financial,End to End UAT support till sign off,100% of completion Rate,9.00,Tab named after a person (Rohan); Sourced from MOT / Team Lead
Merchant,Software Analyst,Financial,"TD, BD analysis beyond Threshold",100% of case (Including Daily) going beyond threashold(TD>0.1%) to be reviewed with Product & Mobile Application Developers and closed end to end,9.00,Tab named after a person (Rohan); Sourced from MOT / Team Lead
Merchant,Software Analyst,Project / Process,Integration Success Rate:,1,9.00,Tab named after a person (Rohan); Sourced from MOT / Team Lead
Merchant,Software Analyst,Project / Process,Bug Resolution and Documentation,100%cases reported by client to be closed end to end,5.00,Tab named after a person (Rohan); Sourced from MOT / Team Lead
Merchant,Software Analyst,Project / Process,Collaboration & Product Improvement,100% Adapation of User Friendly requirement,5.00,Tab named after a person (Rohan); Sourced from MOT / Team Lead
Merchant,Software Analyst,Project / Process,Weekly Review with team,100% Submission of weekly tracker,4.00,Tab named after a person (Rohan); Sourced from MOT / Team Lead
Merchant,Software Analyst,Project / Process,Meeting with Client/Internal team,Weekly meeting with proper MOM & Actionable,4.00,Tab named after a person (Rohan); Sourced from MOT / Team Lead
Merchant,Software Analyst,Project / Process,Knowledge Transfer,Understand the product from Development and give knowledage session to next level team Min 2 sessions monthly.,4.00,Tab named after a person (Rohan); Sourced from MOT / Team Lead
Merchant,Software Analyst,Internal / External Customer,Merchant Satisfaction Score (Integration Phase):,8 by 10,6.00,Tab named after a person (Rohan); Sourced from MOT / Team Lead
Merchant,Software Analyst,Internal / External Customer,Proactive Communication & Guidance,100% adherence to guidelines,6.00,Tab named after a person (Rohan); Sourced from MOT / Team Lead
Merchant,Software Analyst,People,Time sheet,100% Adherence,4.00,Tab named after a person (Rohan); Sourced from MOT / Team Lead
Merchant,Software Analyst,People,Interpersonal skills,No Major Escalation for behavioral issues,4.00,Tab named after a person (Rohan); Sourced from MOT / Team Lead
Merchant,Software Analyst,People,Training,40 hours of training in a year arrnaged by MGS,4.00,Tab named after a person (Rohan); Sourced from MOT / Team Lead
Merchant,Subject Matter Expert,Financial,Merchant Onboarding Completion Rate,100% of completion Rate,9.00,Tab named after a person (Rohan); Sourced from MOT / Team Lead
Merchant,Subject Matter Expert,Financial,Walkthorugh and query resolution,100% of completion Rate,9.00,Tab named after a person (Rohan); Sourced from MOT / Team Lead
Merchant,Subject Matter Expert,Financial,Development and Testing Support,100% of completion Rate,9.00,Tab named after a person (Rohan); Sourced from MOT / Team Lead
Merchant,Subject Matter Expert,Financial,End to End UAT support till sign off,100% of completion Rate,9.00,Tab named after a person (Rohan); Sourced from MOT / Team Lead
Merchant,Subject Matter Expert,Financial,"TD, BD analysis beyond Threshold",100% of case (Including Daily) going beyond threashold(TD>0.1%) to be reviewed with Product & Mobile Application Developers and closed end to end,9.00,Tab named after a person (Rohan); Sourced from MOT / Team Lead
Merchant,Subject Matter Expert,Project / Process,Integration Success Rate:,1,9.00,Tab named after a person (Rohan); Sourced from MOT / Team Lead
Merchant,Subject Matter Expert,Project / Process,Bug Resolution and Documentation,100%cases reported by client to be closed end to end,5.00,Tab named after a person (Rohan); Sourced from MOT / Team Lead
Merchant,Subject Matter Expert,Project / Process,Collaboration & Product Improvement,100% Adapation of User Friendly requirement,5.00,Tab named after a person (Rohan); Sourced from MOT / Team Lead
Merchant,Subject Matter Expert,Project / Process,Weekly Review with team,100% Submission of weekly tracker,4.00,Tab named after a person (Rohan); Sourced from MOT / Team Lead
Merchant,Subject Matter Expert,Project / Process,Meeting with Client/Internal team,Weekly meeting with proper MOM & Actionable,4.00,Tab named after a person (Rohan); Sourced from MOT / Team Lead
Merchant,Subject Matter Expert,Project / Process,Knowledge Transfer,Understand the product from Development and give knowledage session to next level team Min 2 sessions monthly.,4.00,Tab named after a person (Rohan); Sourced from MOT / Team Lead
Merchant,Subject Matter Expert,Internal / External Customer,Merchant Satisfaction Score (Integration Phase):,8 by 10,6.00,Tab named after a person (Rohan); Sourced from MOT / Team Lead
Merchant,Subject Matter Expert,Internal / External Customer,Proactive Communication & Guidance,100% adherence to guidelines,6.00,Tab named after a person (Rohan); Sourced from MOT / Team Lead
Merchant,Subject Matter Expert,People,Time sheet,100% Adherence,4.00,Tab named after a person (Rohan); Sourced from MOT / Team Lead
Merchant,Subject Matter Expert,People,Interpersonal skills,No Major Escalation for behavioral issues,4.00,Tab named after a person (Rohan); Sourced from MOT / Team Lead
Merchant,Subject Matter Expert,People,Training,40 hours of training in a year arrnaged by MGS,4.00,Tab named after a person (Rohan); Sourced from MOT / Team Lead
Monitoring Support,Lead,Financial,Incident analysis,100% adherence of timely reporting (within 5 minutes) of incident (failure of services or load drop) to Incident manager and troubleshooting of issue,25.00,Sourced from Application Support / L1 Monitoring
Monitoring Support,Lead,Project / Process,Daily Performance Report,"100%Adherence to prepare bankwise daily performance report (TPS, Transaction Volume, TD%, Infra usgae, etc..)",25.00,Sourced from Application Support / L1 Monitoring
Monitoring Support,Lead,Project / Process,Review of daily performance report with L2,100% Submission of daily performance report and review with L2/L3,10.00,Sourced from Application Support / L1 Monitoring
Monitoring Support,Lead,Project / Process,Deployment activity Support,100% Adherence to guidelines/SOPs,5.00,Sourced from Application Support / L1 Monitoring
Monitoring Support,Lead,Project / Process,DR Drill Support,100% Adherence to guidelines/SOPs,5.00,Sourced from Application Support / L1 Monitoring
Monitoring Support,Lead,Project / Process,Product and Infra Setup Understanding,min 5 unique knowledge article submission on quarterly basis,10.00,Sourced from Application Support / L1 Monitoring
Monitoring Support,Lead,Internal / External Customer,C-SAT,8 by 10,10.00,Templatised data from client/internal manager; Sourced from Application Support / L1 Monitoring
Monitoring Support,Lead,People,Interpersonal skills,No Major Escalation for behavioral issues,5.00,Sourced from Application Support / L1 Monitoring
Monitoring Support,Lead,People,Training,40 hours of training in a year arrnaged by MGS,5.00,Sourced from Application Support / L1 Monitoring
Monitoring Support,Senior Software Analyst,Financial,Incident analysis,100% adherence of timely reporting (within 5 minutes) of incident (failure of services or load drop) to Incident manager and troubleshooting of issue,25.00,Sourced from Application Support / L1 Monitoring
Monitoring Support,Senior Software Analyst,Project / Process,Daily Performance Report,"100%Adherence to prepare bankwise daily performance report (TPS, Transaction Volume, TD%, Infra usgae, etc..)",25.00,Sourced from Application Support / L1 Monitoring
Monitoring Support,Senior Software Analyst,Project / Process,Review of daily performance report with L2,100% Submission of daily performance report and review with L2/L3,10.00,Sourced from Application Support / L1 Monitoring
Monitoring Support,Senior Software Analyst,Project / Process,Deployment activity Support,100% Adherence to guidelines/SOPs,5.00,Sourced from Application Support / L1 Monitoring
Monitoring Support,Senior Software Analyst,Project / Process,DR Drill Support,100% Adherence to guidelines/SOPs,5.00,Sourced from Application Support / L1 Monitoring
Monitoring Support,Senior Software Analyst,Project / Process,Product and Infra Setup Understanding,min 5 unique knowledge article submission on quarterly basis,10.00,Sourced from Application Support / L1 Monitoring
Monitoring Support,Senior Software Analyst,Internal / External Customer,C-SAT,8 by 10,10.00,Templatised data from client/internal manager; Sourced from Application Support / L1 Monitoring
Monitoring Support,Senior Software Analyst,People,Interpersonal skills,No Major Escalation for behavioral issues,5.00,Sourced from Application Support / L1 Monitoring
Monitoring Support,Senior Software Analyst,People,Training,40 hours of training in a year arrnaged by MGS,5.00,Sourced from Application Support / L1 Monitoring
Monitoring Support,Software Analyst,Financial,Incident analysis,100% adherence of timely reporting (within 5 minutes) of incident (failure of services or load drop) to Incident manager and troubleshooting of issue,25.00,Sourced from Application Support / L1 Monitoring
Monitoring Support,Software Analyst,Project / Process,Daily Performance Report,"100%Adherence to prepare bankwise daily performance report (TPS, Transaction Volume, TD%, Infra usgae, etc..)",25.00,Sourced from Application Support / L1 Monitoring
Monitoring Support,Software Analyst,Project / Process,Review of daily performance report with L2,100% Submission of daily performance report and review with L2/L3,10.00,Sourced from Application Support / L1 Monitoring
Monitoring Support,Software Analyst,Project / Process,Deployment activity Support,100% Adherence to guidelines/SOPs,5.00,Sourced from Application Support / L1 Monitoring
Monitoring Support,Software Analyst,Project / Process,DR Drill Support,100% Adherence to guidelines/SOPs,5.00,Sourced from Application Support / L1 Monitoring
Monitoring Support,Software Analyst,Project / Process,Product and Infra Setup Understanding,min 5 unique knowledge article submission on quarterly basis,10.00,Sourced from Application Support / L1 Monitoring
Monitoring Support,Software Analyst,Internal / External Customer,C-SAT,8 by 10,10.00,Templatised data from client/internal manager; Sourced from Application Support / L1 Monitoring
Monitoring Support,Software Analyst,People,Interpersonal skills,No Major Escalation for behavioral issues,5.00,Sourced from Application Support / L1 Monitoring
Monitoring Support,Software Analyst,People,Training,40 hours of training in a year arrnaged by MGS,5.00,Sourced from Application Support / L1 Monitoring
Monitoring Support,Software Developer,Financial,Incident analysis,100% adherence of timely reporting (within 5 minutes) of incident (failure of services or load drop) to Incident manager and troubleshooting of issue,25.00,Sourced from Application Support / L1 Monitoring
Monitoring Support,Software Developer,Project / Process,Daily Performance Report,"100%Adherence to prepare bankwise daily performance report (TPS, Transaction Volume, TD%, Infra usgae, etc..)",25.00,Sourced from Application Support / L1 Monitoring
Monitoring Support,Software Developer,Project / Process,Review of daily performance report with L2,100% Submission of daily performance report and review with L2/L3,10.00,Sourced from Application Support / L1 Monitoring
Monitoring Support,Software Developer,Project / Process,Deployment activity Support,100% Adherence to guidelines/SOPs,5.00,Sourced from Application Support / L1 Monitoring
Monitoring Support,Software Developer,Project / Process,DR Drill Support,100% Adherence to guidelines/SOPs,5.00,Sourced from Application Support / L1 Monitoring
Monitoring Support,Software Developer,Project / Process,Product and Infra Setup Understanding,min 5 unique knowledge article submission on quarterly basis,10.00,Sourced from Application Support / L1 Monitoring
Monitoring Support,Software Developer,Internal / External Customer,C-SAT,8 by 10,10.00,Templatised data from client/internal manager; Sourced from Application Support / L1 Monitoring
Monitoring Support,Software Developer,People,Interpersonal skills,No Major Escalation for behavioral issues,5.00,Sourced from Application Support / L1 Monitoring
Monitoring Support,Software Developer,People,Training,40 hours of training in a year arrnaged by MGS,5.00,Sourced from Application Support / L1 Monitoring
PMO,Assistant Vice President,Financial,Enterprise PMO Budget Governance & Portfolio Margin Assurance,Ensure 100% of portfolio projects operate within approved budget; drive effort efficiency to improve portfolio gross margin by 3-5%,25.00,Sourced from PMO / Assistant Vice President - PMO
PMO,Assistant Vice President,Financial,Billability & Resource Utilization Optimization,Maintain enterprise billable resource utilization rate >= 90%; control unbillable bench cost,15.00,Sourced from PMO / Assistant Vice President - PMO
PMO,Assistant Vice President,Project / Process,Enterprise Portfolio Delivery Governance & SLA Standards,98%+ on-time milestone delivery across all project tracks; 0 critical delivery default risks,20.00,Sourced from PMO / Assistant Vice President - PMO
PMO,Assistant Vice President,Project / Process,"PMO Framework Standardisation, Risk Management & Automation",100% adoption of standardized PMO processes & Zoho tracking; automated executive dashboards deployed,15.00,Sourced from PMO / Assistant Vice President - PMO
PMO,Assistant Vice President,Internal / External Customer,Executive Client Governance & CXO Steering Committee Alignment,Lead monthly executive steering reviews with bank leadership; client relationship CSAT score >= 9.2/10,13.00,Sourced from PMO / Assistant Vice President - PMO
PMO,Assistant Vice President,People,"PMO Leadership Development, Program Management Coaching & Retention",Build high-performing project management capability; maintain PM team retention rate >= 92%,12.00,Sourced from PMO / Assistant Vice President - PMO
Process Excellence,Senior Software Analyst,Financial,Process Efficiency & Cost Optimization,Identify & execute process automation / optimization initiatives saving >= 10% operational effort across projects,20.00,Sourced from Process Excellence / Senior Software Analyst - Process Excellence
Process Excellence,Senior Software Analyst,Financial,Prevent Non-Compliance & Penalty Costs,Zero financial penalties or billable effort loss attributable to process/quality compliance failures,15.00,Sourced from Process Excellence / Senior Software Analyst - Process Excellence
Process Excellence,Senior Software Analyst,Project / Process,CMMI / ISO Quality Framework Governance & Process Audits,100% compliance with ISO 9001/27001 & CMMI Level 3/5 guidelines; zero critical audit non-conformances (NCs),25.00,Sourced from Process Excellence / Senior Software Analyst - Process Excellence
Process Excellence,Senior Software Analyst,Project / Process,"Software Quality Metrics, Defect Analysis & Root Cause Analysis (RCA)",Conduct monthly RCA on UAT/production defects; drive defect density reduction below 3% across software modules,20.00,Sourced from Process Excellence / Senior Software Analyst - Process Excellence
Process Excellence,Senior Software Analyst,Internal / External Customer,Internal Stakeholder Quality Alignment & Audit SLA,Deliver quality audit feedback reports to project managers within 48 hours of audit completion; CSAT >= 9/10,10.00,Sourced from Process Excellence / Senior Software Analyst - Process Excellence
Process Excellence,Senior Software Analyst,People,"Process Training, Capability Building & Mentorship",Conduct quarterly process excellence workshops for delivery teams; complete 40 hours annual professional training,10.00,Sourced from Process Excellence / Senior Software Analyst - Process Excellence
Production Support,Assistant Vice President,Financial,"TD, BD analysis beyond Threshold",100% of case (Including Daily) going beyond threashold(TD>0.1%) to be reviewed with L2/L3 and closed end to end,10.00,Dependancy on development team; Sourced from Application Support / AVP - Application Support
Production Support,Assistant Vice President,Financial,Incident analysis,100% adherence to SLA of trouble shooting and RCA Preparation and discussion with bank and internal team,10.00,Sourced from Application Support / AVP - Application Support
Production Support,Assistant Vice President,Project / Process,Issue Analysis - Application Defect Indentification,100% Cases/Tickets reported by client to be closed end to end,10.00,Dependancy on development team; Sourced from Application Support / AVP - Application Support
Production Support,Assistant Vice President,Project / Process,DR Drill Support,100% Adherence to guidelines/SOPs,5.00,Sourced from Application Support / AVP - Application Support
Production Support,Assistant Vice President,Project / Process,Weekly Review with L3/L2,100% Submission of Monthly performance report,5.00,Sourced from Application Support / AVP - Application Support
Production Support,Assistant Vice President,Project / Process,Meeting with Client,Weekly/fortnightly meeting with proper MOM & Actionable. 100% closer of actioable before next meeting,10.00,Sourced from Application Support / AVP - Application Support
Production Support,Assistant Vice President,Project / Process,Product and Infra Setup Understanding,Review of knowledge article submitted by L1/L2/L3and publish in repository on monthly basis,10.00,Sourced from Application Support / AVP - Application Support
Production Support,Assistant Vice President,Project / Process,Knowledge Transfer,Understand the product from Development and give knowledage session to next level team (L1/L2/L3). Min 2 sessions monthly.,10.00,Sourced from Application Support / AVP - Application Support
Production Support,Assistant Vice President,Internal / External Customer,C-SAT,8 by 10,10.00,Templatised data from client and internal manager; Sourced from Application Support / AVP - Application Support
Production Support,Assistant Vice President,People,JIRA,Review of JIRA to make sure 100% adherence done by the L1/L2/L3,10.00,Sourced from Application Support / AVP - Application Support
Production Support,Assistant Vice President,People,Interpersonal skills,No Major Escalation for behavioral issues,5.00,Sourced from Application Support / AVP - Application Support
Production Support,Assistant Vice President,People,Training,40 hours of training in a year arrnaged by MGS,5.00,Sourced from Application Support / AVP - Application Support
Production Support,Lead,Financial,"TD, BD analysis beyond Threshold",100% of case (Including Daily) going beyond threashold(TD>0.1%) to be analysed and highlighted to next level,10.00,Dependancy on development team; Tab named after a person (Vipul); Sourced from Application Support / L3 Support
Production Support,Lead,Financial,Incident analysis,100% adherence to SLA of trouble shooting and RCA Preparation and discussion with bank and internal team,10.00,Tab named after a person (Vipul); Sourced from Application Support / L3 Support
Production Support,Lead,Project / Process,Issue Analysis - Application Defect Indentification,100%cases reported by client to be closed end to end,10.00,Dependancy on development team; Tab named after a person (Vipul); Sourced from Application Support / L3 Support
Production Support,Lead,Project / Process,DR Drill Support,100% Adherence to guidelines/SOPs,5.00,Tab named after a person (Vipul); Sourced from Application Support / L3 Support
Production Support,Lead,Project / Process,Weekly Review with L1/L2,100% Submission of weekly tracker,10.00,Tab named after a person (Vipul); Sourced from Application Support / L3 Support
Production Support,Lead,Project / Process,Meeting with Client/Internal team,weekly meeting with proper MOM & Actionable,10.00,Tab named after a person (Vipul); Sourced from Application Support / L3 Support
Production Support,Lead,Project / Process,Product and Infra Setup Understanding,Review of knowledge article submitted by L1/L2 and publish in repository on monthly basis | min 10 unique knowledge article submission on quarterly basis,10.00,Tab named after a person (Vipul); Sourced from Application Support / L3 Support; Sourced from Application Support / L3 Support; Merged 2 rows with the same KRA; weight kept at 10 (identical on all 2 rows)
Production Support,Lead,Internal / External Customer,C-SAT,8 by 10,10.00,Templatised data from client and internal manager; Tab named after a person (Vipul); Sourced from Application Support / L3 Support
Production Support,Lead,People,Time sheet,100% Adherence,5.00,Tab named after a person (Vipul); Sourced from Application Support / L3 Support
Production Support,Lead,People,JIRA,100% Adherence,10.00,Tab named after a person (Vipul); Sourced from Application Support / L3 Support
Production Support,Lead,People,Interpersonal skills,No Major Escalation for behavioral issues,5.00,Tab named after a person (Vipul); Sourced from Application Support / L3 Support
Production Support,Lead,People,Training,40 hours of training in a year arrnaged by MGS,5.00,Tab named after a person (Vipul); Sourced from Application Support / L3 Support
Production Support,Senior Software Analyst,Financial,"TD, BD analysis beyond Threshold",100% of case (Including Daily) going beyond threashold(TD>0.1%) to be analysed and highlighted to next level,10.00,Dependancy on development team; Sourced from Application Support / L2 Support
Production Support,Senior Software Analyst,Financial,Incident analysis,100% adherence to SLA of trouble shooting and RCA Preparation and discussion with bank and internal team,10.00,Sourced from Application Support / L2 Support
Production Support,Senior Software Analyst,Project / Process,Issue Analysis - Application Defect Indentification,100% Cases/Tickets reported by client to be closed end to end,10.00,Dependancy on development team; Sourced from Application Support / L2 Support
Production Support,Senior Software Analyst,Project / Process,Deployment activity Support,100% Adherence to guidelines/SOPs,5.00,Sourced from Application Support / L2 Support
Production Support,Senior Software Analyst,Project / Process,DR Drill Support,100% Adherence to guidelines/SOPs,5.00,Sourced from Application Support / L2 Support
Production Support,Senior Software Analyst,Project / Process,Review daily Task of L1 Support /Monitoring,100% Submission of daily tracker,10.00,Sourced from Application Support / L2 Support
Production Support,Senior Software Analyst,Project / Process,Meeting with Client/Internal team,weekly meeting with proper MOM & Actionable,10.00,Sourced from Application Support / L2 Support
Production Support,Senior Software Analyst,Project / Process,Product and Infra Setup Understanding,min 10 unique knowledge article submission on quarterly basis,10.00,Sourced from Application Support / L2 Support
Production Support,Senior Software Analyst,Internal / External Customer,C-SAT,8 by 10,5.00,Templatised data from client and internal manager; Sourced from Application Support / L2 Support
Production Support,Senior Software Analyst,People,Time sheet,100% Adherence,5.00,Sourced from Application Support / L2 Support
Production Support,Senior Software Analyst,People,JIRA,100% Adherence,10.00,Sourced from Application Support / L2 Support
Production Support,Senior Software Analyst,People,Interpersonal skills,No Major Escalation for behavioral issues,5.00,Sourced from Application Support / L2 Support
Production Support,Senior Software Analyst,People,Training,40 hours of training in a year arrnaged by MGS,5.00,Sourced from Application Support / L2 Support
Production Support,Technical Manager,Financial,"TD, BD analysis beyond Threshold",100% of case (Including Daily) going beyond threashold(TD>0.1%) to be analysed and highlighted to next level,10.00,Dependancy on development team; Tab named after a person (Vipul); Sourced from Application Support / L3 Support
Production Support,Technical Manager,Financial,Incident analysis,100% adherence to SLA of trouble shooting and RCA Preparation and discussion with bank and internal team,10.00,Tab named after a person (Vipul); Sourced from Application Support / L3 Support
Production Support,Technical Manager,Project / Process,Issue Analysis - Application Defect Indentification,100%cases reported by client to be closed end to end,10.00,Dependancy on development team; Tab named after a person (Vipul); Sourced from Application Support / L3 Support
Production Support,Technical Manager,Project / Process,DR Drill Support,100% Adherence to guidelines/SOPs,5.00,Tab named after a person (Vipul); Sourced from Application Support / L3 Support
Production Support,Technical Manager,Project / Process,Weekly Review with L1/L2,100% Submission of weekly tracker,10.00,Tab named after a person (Vipul); Sourced from Application Support / L3 Support
Production Support,Technical Manager,Project / Process,Meeting with Client/Internal team,weekly meeting with proper MOM & Actionable,10.00,Tab named after a person (Vipul); Sourced from Application Support / L3 Support
Production Support,Technical Manager,Project / Process,Product and Infra Setup Understanding,Review of knowledge article submitted by L1/L2 and publish in repository on monthly basis | min 10 unique knowledge article submission on quarterly basis,10.00,Tab named after a person (Vipul); Sourced from Application Support / L3 Support; Sourced from Application Support / L3 Support; Merged 2 rows with the same KRA; weight kept at 10 (identical on all 2 rows)
Production Support,Technical Manager,Internal / External Customer,C-SAT,8 by 10,10.00,Templatised data from client and internal manager; Tab named after a person (Vipul); Sourced from Application Support / L3 Support
Production Support,Technical Manager,People,Time sheet,100% Adherence,5.00,Tab named after a person (Vipul); Sourced from Application Support / L3 Support
Production Support,Technical Manager,People,JIRA,100% Adherence,10.00,Tab named after a person (Vipul); Sourced from Application Support / L3 Support
Production Support,Technical Manager,People,Interpersonal skills,No Major Escalation for behavioral issues,5.00,Tab named after a person (Vipul); Sourced from Application Support / L3 Support
Production Support,Technical Manager,People,Training,40 hours of training in a year arrnaged by MGS,5.00,Tab named after a person (Vipul); Sourced from Application Support / L3 Support
RMG,Senior Manager,Financial,Enterprise Resource Optimization & Bench Cost Control,Maintain enterprise billable resource utilization rate >= 90%; reduce unbillable bench cost by 15% YoY,25.00,Sourced from RMG / Assistant Vice President - RMG
RMG,Senior Manager,Financial,Resource Fulfillment Cost & Contractor Spend Management,Optimize external contractor/subcontractor costs within approved budget (+/- 3% variance); prioritize internal reskilling,15.00,Sourced from RMG / Assistant Vice President - RMG
RMG,Senior Manager,Project / Process,"Resource Allocation Governance, Staffing SLA & RMG Process Automation",Achieve 95%+ on-time resource fulfillment SLA for project requisitions; 100% automated resource tracking in RMG tool/Zoho,20.00,Sourced from RMG / Assistant Vice President - RMG
RMG,Senior Manager,Project / Process,Enterprise Capacity Planning & Demand-Supply Forecasting,Maintain 90-day rolling resource demand forecasts; zero project delay attributable to resource staffing gaps,15.00,Sourced from RMG / Assistant Vice President - RMG
RMG,Senior Manager,Internal / External Customer,Delivery Head & Project Manager Stakeholder Engagement,"Achieve delivery leadership satisfaction score >= 9.2/10 for staffing speed, skill match, and allocation transparency",13.00,Sourced from RMG / Assistant Vice President - RMG
RMG,Senior Manager,People,"Resource Management Team Leadership, Upskilling & Talent Mobility",Drive internal cross-skilling and talent mobility programs; maintain RMG team retention rate >= 92%,12.00,Sourced from RMG / Assistant Vice President - RMG
Recon,Assistant Manager,Financial,Timely Completion of file processing,100% adherence to SLA of file processing and timely action based on defined SOPs and instructions by TL,15.00,Sourced from Application Support / Team Lead - Recon
Recon,Assistant Manager,Project / Process,Daily Checklist,100%Adherence to execution of daily task list and preparation of daily checklist report,20.00,Sourced from Application Support / Team Lead - Recon
Recon,Assistant Manager,Project / Process,Review daily Task of L1,100% Review of daily tracker submitted by L1/L2,10.00,Sourced from Application Support / Team Lead - Recon
Recon,Assistant Manager,Project / Process,"Production Issue reporting, coornidation & correlation",100% timely communication with support team in case of production issue and ensure JIRA is raised.,5.00,Sourced from Application Support / Team Lead - Recon
Recon,Assistant Manager,Project / Process,Systematic Processing of Transaction Cycles,100% Adherence of defined guidelines/SOP,5.00,Sourced from Application Support / Team Lead - Recon
Recon,Assistant Manager,Project / Process,Product and Infra Setup Understanding,min 5 unique knowledge article submission on quarterly basis,10.00,Sourced from Application Support / Team Lead - Recon
Recon,Assistant Manager,Internal / External Customer,C-SAT,8 by 10,5.00,Templatised data from client/internal manager; Sourced from Application Support / Team Lead - Recon
Recon,Assistant Manager,People,Time sheet,100% Adherence,10.00,Sourced from Application Support / Team Lead - Recon
Recon,Assistant Manager,People,JIRA,100% Adherence,10.00,Sourced from Application Support / Team Lead - Recon
Recon,Assistant Manager,People,Interpersonal skills,No Major Escalation for behavioral issues,5.00,Sourced from Application Support / Team Lead - Recon
Recon,Assistant Manager,People,Training,40 hours of training in a year arrnaged by MGS,5.00,Sourced from Application Support / Team Lead - Recon
Recon,Executive,Financial,Timely Completion of file processing,100% adherence to SLA of file processing and timely action based on defined SOPs and instructions by TL,15.00,Sourced from Application Support / L1 Recon
Recon,Executive,Project / Process,Daily Checklist,100%Adherence to execution of daily task list and preparation of daily checklist report,20.00,Sourced from Application Support / L1 Recon
Recon,Executive,Project / Process,Review daily Task with TL,100% Submission of daily tracker and review with TL,10.00,Sourced from Application Support / L1 Recon
Recon,Executive,Project / Process,"Production Issue reporting, coornidation & correlation",100% timely communication with support team in case of production issue and ensure JIRA is raised.,5.00,Sourced from Application Support / L1 Recon
Recon,Executive,Project / Process,Systematic Processing of Transaction Cycles,100% Adherence of defined guidelines/SOP,5.00,Sourced from Application Support / L1 Recon
Recon,Executive,Project / Process,Product and Infra Setup Understanding,min 5 unique knowledge article submission on quarterly basis,10.00,Sourced from Application Support / L1 Recon
Recon,Executive,Internal / External Customer,C-SAT,8 by 10,5.00,Templatised data from client/internal manager; Sourced from Application Support / L1 Recon
Recon,Executive,People,Time sheet,100% Adherence,10.00,Sourced from Application Support / L1 Recon
Recon,Executive,People,JIRA,100% Adherence,10.00,Sourced from Application Support / L1 Recon
Recon,Executive,People,Interpersonal skills,No Major Escalation for behavioral issues,5.00,Sourced from Application Support / L1 Recon
Recon,Executive,People,Training,40 hours of training in a year arrnaged by MGS,5.00,Sourced from Application Support / L1 Recon
Recon,Manager,Financial,Timely Completion of file processing,100% adherence to SLA of file processing and timely action based on defined SOPs and instructions by TL,15.00,Sourced from Application Support / Team Lead - Recon
Recon,Manager,Project / Process,Daily Checklist,100%Adherence to execution of daily task list and preparation of daily checklist report,20.00,Sourced from Application Support / Team Lead - Recon
Recon,Manager,Project / Process,Review daily Task of L1,100% Review of daily tracker submitted by L1/L2,10.00,Sourced from Application Support / Team Lead - Recon
Recon,Manager,Project / Process,"Production Issue reporting, coornidation & correlation",100% timely communication with support team in case of production issue and ensure JIRA is raised.,5.00,Sourced from Application Support / Team Lead - Recon
Recon,Manager,Project / Process,Systematic Processing of Transaction Cycles,100% Adherence of defined guidelines/SOP,5.00,Sourced from Application Support / Team Lead - Recon
Recon,Manager,Project / Process,Product and Infra Setup Understanding,min 5 unique knowledge article submission on quarterly basis,10.00,Sourced from Application Support / Team Lead - Recon
Recon,Manager,Internal / External Customer,C-SAT,8 by 10,5.00,Templatised data from client/internal manager; Sourced from Application Support / Team Lead - Recon
Recon,Manager,People,Time sheet,100% Adherence,10.00,Sourced from Application Support / Team Lead - Recon
Recon,Manager,People,JIRA,100% Adherence,10.00,Sourced from Application Support / Team Lead - Recon
Recon,Manager,People,Interpersonal skills,No Major Escalation for behavioral issues,5.00,Sourced from Application Support / Team Lead - Recon
Recon,Manager,People,Training,40 hours of training in a year arrnaged by MGS,5.00,Sourced from Application Support / Team Lead - Recon
Recon,Project Manager,Financial,Timely Completion of file processing,100% adherence to SLA of file processing and timely action based on defined SOPs and instructions by TL,15.00,Sourced from Application Support / Team Lead - Recon
Recon,Project Manager,Project / Process,Daily Checklist,100%Adherence to execution of daily task list and preparation of daily checklist report,20.00,Sourced from Application Support / Team Lead - Recon
Recon,Project Manager,Project / Process,Review daily Task of L1,100% Review of daily tracker submitted by L1/L2,10.00,Sourced from Application Support / Team Lead - Recon
Recon,Project Manager,Project / Process,"Production Issue reporting, coornidation & correlation",100% timely communication with support team in case of production issue and ensure JIRA is raised.,5.00,Sourced from Application Support / Team Lead - Recon
Recon,Project Manager,Project / Process,Systematic Processing of Transaction Cycles,100% Adherence of defined guidelines/SOP,5.00,Sourced from Application Support / Team Lead - Recon
Recon,Project Manager,Project / Process,Product and Infra Setup Understanding,min 5 unique knowledge article submission on quarterly basis,10.00,Sourced from Application Support / Team Lead - Recon
Recon,Project Manager,Internal / External Customer,C-SAT,8 by 10,5.00,Templatised data from client/internal manager; Sourced from Application Support / Team Lead - Recon
Recon,Project Manager,People,Time sheet,100% Adherence,10.00,Sourced from Application Support / Team Lead - Recon
Recon,Project Manager,People,JIRA,100% Adherence,10.00,Sourced from Application Support / Team Lead - Recon
Recon,Project Manager,People,Interpersonal skills,No Major Escalation for behavioral issues,5.00,Sourced from Application Support / Team Lead - Recon
Recon,Project Manager,People,Training,40 hours of training in a year arrnaged by MGS,5.00,Sourced from Application Support / Team Lead - Recon
Recon,Recon Executive,Financial,Timely Completion of file processing,100% adherence to SLA of file processing and timely action based on defined SOPs and instructions by TL,15.00,Sourced from Application Support / L1 Recon
Recon,Recon Executive,Project / Process,Daily Checklist,100%Adherence to execution of daily task list and preparation of daily checklist report,20.00,Sourced from Application Support / L1 Recon
Recon,Recon Executive,Project / Process,Review daily Task with TL,100% Submission of daily tracker and review with TL,10.00,Sourced from Application Support / L1 Recon
Recon,Recon Executive,Project / Process,"Production Issue reporting, coornidation & correlation",100% timely communication with support team in case of production issue and ensure JIRA is raised.,5.00,Sourced from Application Support / L1 Recon
Recon,Recon Executive,Project / Process,Systematic Processing of Transaction Cycles,100% Adherence of defined guidelines/SOP,5.00,Sourced from Application Support / L1 Recon
Recon,Recon Executive,Project / Process,Product and Infra Setup Understanding,min 5 unique knowledge article submission on quarterly basis,10.00,Sourced from Application Support / L1 Recon
Recon,Recon Executive,Internal / External Customer,C-SAT,8 by 10,5.00,Templatised data from client/internal manager; Sourced from Application Support / L1 Recon
Recon,Recon Executive,People,Time sheet,100% Adherence,10.00,Sourced from Application Support / L1 Recon
Recon,Recon Executive,People,JIRA,100% Adherence,10.00,Sourced from Application Support / L1 Recon
Recon,Recon Executive,People,Interpersonal skills,No Major Escalation for behavioral issues,5.00,Sourced from Application Support / L1 Recon
Recon,Recon Executive,People,Training,40 hours of training in a year arrnaged by MGS,5.00,Sourced from Application Support / L1 Recon
Recon,Senior Executive,Financial,Timely Completion of file processing,100% adherence to SLA of file processing and timely action based on defined SOPs and instructions by TL,15.00,Sourced from Application Support / L1 Recon
Recon,Senior Executive,Project / Process,Daily Checklist,100%Adherence to execution of daily task list and preparation of daily checklist report,20.00,Sourced from Application Support / L1 Recon
Recon,Senior Executive,Project / Process,Review daily Task with TL,100% Submission of daily tracker and review with TL,10.00,Sourced from Application Support / L1 Recon
Recon,Senior Executive,Project / Process,"Production Issue reporting, coornidation & correlation",100% timely communication with support team in case of production issue and ensure JIRA is raised.,5.00,Sourced from Application Support / L1 Recon
Recon,Senior Executive,Project / Process,Systematic Processing of Transaction Cycles,100% Adherence of defined guidelines/SOP,5.00,Sourced from Application Support / L1 Recon
Recon,Senior Executive,Project / Process,Product and Infra Setup Understanding,min 5 unique knowledge article submission on quarterly basis,10.00,Sourced from Application Support / L1 Recon
Recon,Senior Executive,Internal / External Customer,C-SAT,8 by 10,5.00,Templatised data from client/internal manager; Sourced from Application Support / L1 Recon
Recon,Senior Executive,People,Time sheet,100% Adherence,10.00,Sourced from Application Support / L1 Recon
Recon,Senior Executive,People,JIRA,100% Adherence,10.00,Sourced from Application Support / L1 Recon
Recon,Senior Executive,People,Interpersonal skills,No Major Escalation for behavioral issues,5.00,Sourced from Application Support / L1 Recon
Recon,Senior Executive,People,Training,40 hours of training in a year arrnaged by MGS,5.00,Sourced from Application Support / L1 Recon
Recon,Senior Software Analyst,Financial,Timely Completion of file processing,100% adherence to SLA of file processing and timely action based on defined SOPs and instructions by TL,15.00,Sourced from Application Support / Team Lead - Recon
Recon,Senior Software Analyst,Project / Process,Daily Checklist,100%Adherence to execution of daily task list and preparation of daily checklist report,20.00,Sourced from Application Support / Team Lead - Recon
Recon,Senior Software Analyst,Project / Process,Review daily Task of L1,100% Review of daily tracker submitted by L1/L2,10.00,Sourced from Application Support / Team Lead - Recon
Recon,Senior Software Analyst,Project / Process,"Production Issue reporting, coornidation & correlation",100% timely communication with support team in case of production issue and ensure JIRA is raised.,5.00,Sourced from Application Support / Team Lead - Recon
Recon,Senior Software Analyst,Project / Process,Systematic Processing of Transaction Cycles,100% Adherence of defined guidelines/SOP,5.00,Sourced from Application Support / Team Lead - Recon
Recon,Senior Software Analyst,Project / Process,Product and Infra Setup Understanding,min 5 unique knowledge article submission on quarterly basis,10.00,Sourced from Application Support / Team Lead - Recon
Recon,Senior Software Analyst,Internal / External Customer,C-SAT,8 by 10,5.00,Templatised data from client/internal manager; Sourced from Application Support / Team Lead - Recon
Recon,Senior Software Analyst,People,Time sheet,100% Adherence,10.00,Sourced from Application Support / Team Lead - Recon
Recon,Senior Software Analyst,People,JIRA,100% Adherence,10.00,Sourced from Application Support / Team Lead - Recon
Recon,Senior Software Analyst,People,Interpersonal skills,No Major Escalation for behavioral issues,5.00,Sourced from Application Support / Team Lead - Recon
Recon,Senior Software Analyst,People,Training,40 hours of training in a year arrnaged by MGS,5.00,Sourced from Application Support / Team Lead - Recon
Recon,Software Analyst,Financial,Timely Completion of file processing,100% adherence to SLA of file processing and timely action based on defined SOPs and instructions by TL,15.00,Sourced from Application Support / L1 Recon
Recon,Software Analyst,Project / Process,Daily Checklist,100%Adherence to execution of daily task list and preparation of daily checklist report,20.00,Sourced from Application Support / L1 Recon
Recon,Software Analyst,Project / Process,Review daily Task with TL,100% Submission of daily tracker and review with TL,10.00,Sourced from Application Support / L1 Recon
Recon,Software Analyst,Project / Process,"Production Issue reporting, coornidation & correlation",100% timely communication with support team in case of production issue and ensure JIRA is raised.,5.00,Sourced from Application Support / L1 Recon
Recon,Software Analyst,Project / Process,Systematic Processing of Transaction Cycles,100% Adherence of defined guidelines/SOP,5.00,Sourced from Application Support / L1 Recon
Recon,Software Analyst,Project / Process,Product and Infra Setup Understanding,min 5 unique knowledge article submission on quarterly basis,10.00,Sourced from Application Support / L1 Recon
Recon,Software Analyst,Internal / External Customer,C-SAT,8 by 10,5.00,Templatised data from client/internal manager; Sourced from Application Support / L1 Recon
Recon,Software Analyst,People,Time sheet,100% Adherence,10.00,Sourced from Application Support / L1 Recon
Recon,Software Analyst,People,JIRA,100% Adherence,10.00,Sourced from Application Support / L1 Recon
Recon,Software Analyst,People,Interpersonal skills,No Major Escalation for behavioral issues,5.00,Sourced from Application Support / L1 Recon
Recon,Software Analyst,People,Training,40 hours of training in a year arrnaged by MGS,5.00,Sourced from Application Support / L1 Recon
SRE,Assistant Vice President,Financial,"TD, BD analysis beyond Threshold",100% of case (Including Daily) going beyond threashold(TD>0.1%) to be reviewed with L2/L3 and closed end to end,10.00,Dependancy on development team; Sourced from Application Support / AVP - Application Support
SRE,Assistant Vice President,Financial,Incident analysis,100% adherence to SLA of trouble shooting and RCA Preparation and discussion with bank and internal team,10.00,Sourced from Application Support / AVP - Application Support
SRE,Assistant Vice President,Project / Process,Issue Analysis - Application Defect Indentification,100% Cases/Tickets reported by client to be closed end to end,10.00,Dependancy on development team; Sourced from Application Support / AVP - Application Support
SRE,Assistant Vice President,Project / Process,DR Drill Support,100% Adherence to guidelines/SOPs,5.00,Sourced from Application Support / AVP - Application Support
SRE,Assistant Vice President,Project / Process,Weekly Review with L3/L2,100% Submission of Monthly performance report,5.00,Sourced from Application Support / AVP - Application Support
SRE,Assistant Vice President,Project / Process,Meeting with Client,Weekly/fortnightly meeting with proper MOM & Actionable. 100% closer of actioable before next meeting,10.00,Sourced from Application Support / AVP - Application Support
SRE,Assistant Vice President,Project / Process,Product and Infra Setup Understanding,Review of knowledge article submitted by L1/L2/L3and publish in repository on monthly basis,10.00,Sourced from Application Support / AVP - Application Support
SRE,Assistant Vice President,Project / Process,Knowledge Transfer,Understand the product from Development and give knowledage session to next level team (L1/L2/L3). Min 2 sessions monthly.,10.00,Sourced from Application Support / AVP - Application Support
SRE,Assistant Vice President,Internal / External Customer,C-SAT,8 by 10,10.00,Templatised data from client and internal manager; Sourced from Application Support / AVP - Application Support
SRE,Assistant Vice President,People,JIRA,Review of JIRA to make sure 100% adherence done by the L1/L2/L3,10.00,Sourced from Application Support / AVP - Application Support
SRE,Assistant Vice President,People,Interpersonal skills,No Major Escalation for behavioral issues,5.00,Sourced from Application Support / AVP - Application Support
SRE,Assistant Vice President,People,Training,40 hours of training in a year arrnaged by MGS,5.00,Sourced from Application Support / AVP - Application Support
SRE,Manager,Financial,"TD, BD analysis beyond Threshold",100% of case (Including Daily) going beyond threashold(TD>0.1%) to be analysed and highlighted to next level,10.00,Dependancy on development team; Tab named after a person (Vipul); Sourced from Application Support / L3 Support
SRE,Manager,Financial,Incident analysis,100% adherence to SLA of trouble shooting and RCA Preparation and discussion with bank and internal team,10.00,Tab named after a person (Vipul); Sourced from Application Support / L3 Support
SRE,Manager,Project / Process,Issue Analysis - Application Defect Indentification,100%cases reported by client to be closed end to end,10.00,Dependancy on development team; Tab named after a person (Vipul); Sourced from Application Support / L3 Support
SRE,Manager,Project / Process,DR Drill Support,100% Adherence to guidelines/SOPs,5.00,Tab named after a person (Vipul); Sourced from Application Support / L3 Support
SRE,Manager,Project / Process,Weekly Review with L1/L2,100% Submission of weekly tracker,10.00,Tab named after a person (Vipul); Sourced from Application Support / L3 Support
SRE,Manager,Project / Process,Meeting with Client/Internal team,weekly meeting with proper MOM & Actionable,10.00,Tab named after a person (Vipul); Sourced from Application Support / L3 Support
SRE,Manager,Project / Process,Product and Infra Setup Understanding,Review of knowledge article submitted by L1/L2 and publish in repository on monthly basis | min 10 unique knowledge article submission on quarterly basis,10.00,Tab named after a person (Vipul); Sourced from Application Support / L3 Support; Sourced from Application Support / L3 Support; Merged 2 rows with the same KRA; weight kept at 10 (identical on all 2 rows)
SRE,Manager,Internal / External Customer,C-SAT,8 by 10,10.00,Templatised data from client and internal manager; Tab named after a person (Vipul); Sourced from Application Support / L3 Support
SRE,Manager,People,Time sheet,100% Adherence,5.00,Tab named after a person (Vipul); Sourced from Application Support / L3 Support
SRE,Manager,People,JIRA,100% Adherence,10.00,Tab named after a person (Vipul); Sourced from Application Support / L3 Support
SRE,Manager,People,Interpersonal skills,No Major Escalation for behavioral issues,5.00,Tab named after a person (Vipul); Sourced from Application Support / L3 Support
SRE,Manager,People,Training,40 hours of training in a year arrnaged by MGS,5.00,Tab named after a person (Vipul); Sourced from Application Support / L3 Support
SRE,Senior Manager,Financial,"TD, BD analysis beyond Threshold",100% of case (Including Daily) going beyond threashold(TD>0.1%) to be reviewed with L2/L3 and closed end to end,10.00,Dependancy on development team; Sourced from Application Support / AVP - Application Support
SRE,Senior Manager,Financial,Incident analysis,100% adherence to SLA of trouble shooting and RCA Preparation and discussion with bank and internal team,10.00,Sourced from Application Support / AVP - Application Support
SRE,Senior Manager,Project / Process,Issue Analysis - Application Defect Indentification,100% Cases/Tickets reported by client to be closed end to end,10.00,Dependancy on development team; Sourced from Application Support / AVP - Application Support
SRE,Senior Manager,Project / Process,DR Drill Support,100% Adherence to guidelines/SOPs,5.00,Sourced from Application Support / AVP - Application Support
SRE,Senior Manager,Project / Process,Weekly Review with L3/L2,100% Submission of Monthly performance report,5.00,Sourced from Application Support / AVP - Application Support
SRE,Senior Manager,Project / Process,Meeting with Client,Weekly/fortnightly meeting with proper MOM & Actionable. 100% closer of actioable before next meeting,10.00,Sourced from Application Support / AVP - Application Support
SRE,Senior Manager,Project / Process,Product and Infra Setup Understanding,Review of knowledge article submitted by L1/L2/L3and publish in repository on monthly basis,10.00,Sourced from Application Support / AVP - Application Support
SRE,Senior Manager,Project / Process,Knowledge Transfer,Understand the product from Development and give knowledage session to next level team (L1/L2/L3). Min 2 sessions monthly.,10.00,Sourced from Application Support / AVP - Application Support
SRE,Senior Manager,Internal / External Customer,C-SAT,8 by 10,10.00,Templatised data from client and internal manager; Sourced from Application Support / AVP - Application Support
SRE,Senior Manager,People,JIRA,Review of JIRA to make sure 100% adherence done by the L1/L2/L3,10.00,Sourced from Application Support / AVP - Application Support
SRE,Senior Manager,People,Interpersonal skills,No Major Escalation for behavioral issues,5.00,Sourced from Application Support / AVP - Application Support
SRE,Senior Manager,People,Training,40 hours of training in a year arrnaged by MGS,5.00,Sourced from Application Support / AVP - Application Support
SRE,Senior Software Developer,Financial,"TD, BD analysis beyond Threshold",100% of case (Including Daily) going beyond threashold(TD>0.1%) to be analysed and highlighted to next level,10.00,Dependancy on development team; Sourced from Application Support / L2 Support
SRE,Senior Software Developer,Financial,Incident analysis,100% adherence to SLA of trouble shooting and RCA Preparation and discussion with bank and internal team,10.00,Sourced from Application Support / L2 Support
SRE,Senior Software Developer,Project / Process,Issue Analysis - Application Defect Indentification,100% Cases/Tickets reported by client to be closed end to end,10.00,Dependancy on development team; Sourced from Application Support / L2 Support
SRE,Senior Software Developer,Project / Process,Deployment activity Support,100% Adherence to guidelines/SOPs,5.00,Sourced from Application Support / L2 Support
SRE,Senior Software Developer,Project / Process,DR Drill Support,100% Adherence to guidelines/SOPs,5.00,Sourced from Application Support / L2 Support
SRE,Senior Software Developer,Project / Process,Review daily Task of L1 Support /Monitoring,100% Submission of daily tracker,10.00,Sourced from Application Support / L2 Support
SRE,Senior Software Developer,Project / Process,Meeting with Client/Internal team,weekly meeting with proper MOM & Actionable,10.00,Sourced from Application Support / L2 Support
SRE,Senior Software Developer,Project / Process,Product and Infra Setup Understanding,min 10 unique knowledge article submission on quarterly basis,10.00,Sourced from Application Support / L2 Support
SRE,Senior Software Developer,Internal / External Customer,C-SAT,8 by 10,5.00,Templatised data from client and internal manager; Sourced from Application Support / L2 Support
SRE,Senior Software Developer,People,Time sheet,100% Adherence,5.00,Sourced from Application Support / L2 Support
SRE,Senior Software Developer,People,JIRA,100% Adherence,10.00,Sourced from Application Support / L2 Support
SRE,Senior Software Developer,People,Interpersonal skills,No Major Escalation for behavioral issues,5.00,Sourced from Application Support / L2 Support
SRE,Senior Software Developer,People,Training,40 hours of training in a year arrnaged by MGS,5.00,Sourced from Application Support / L2 Support
SRE,Software Developer,Financial,Incident analysis,100% adherence to SLA of trouble shooting and timely action based on defined SOPs and instructions by L2/ L3,15.00,Inputs to be taken from sushant Parab; Sourced from Application Support / L1 DevOps Support
SRE,Software Developer,Project / Process,Daily Checklist,100%Adherence to execution of daily task list and preparation of daily checklist report,20.00,Sourced from Application Support / L1 DevOps Support
SRE,Software Developer,Project / Process,Review daily Task with L2,100% Submission of daily tracker and review with L2/L3,10.00,Sourced from Application Support / L1 DevOps Support
SRE,Software Developer,Project / Process,Deployment activity Support,100% Adherence to guidelines/SOPs,5.00,Sourced from Application Support / L1 DevOps Support
SRE,Software Developer,Project / Process,DR Drill Support,100% Adherence to guidelines/SOPs,5.00,Sourced from Application Support / L1 DevOps Support
SRE,Software Developer,Project / Process,Product and Infra Setup Understanding,min 5 unique knowledge article submission on quarterly basis,10.00,Sourced from Application Support / L1 DevOps Support
SRE,Software Developer,Internal / External Customer,C-SAT,8 by 10,5.00,Templatised data from client/internal manager; Sourced from Application Support / L1 DevOps Support
SRE,Software Developer,People,Time sheet,100% Adherence,10.00,Sourced from Application Support / L1 DevOps Support
SRE,Software Developer,People,JIRA,100% Adherence,10.00,Sourced from Application Support / L1 DevOps Support
SRE,Software Developer,People,Interpersonal skills,No Major Escalation for behavioral issues,5.00,Sourced from Application Support / L1 DevOps Support
SRE,Software Developer,People,Training,40 hours of training in a year arrnaged by MGS,5.00,Sourced from Application Support / L1 DevOps Support
Sales,Assistant Vice President,Financial,"Business Unit Revenue, Profitability & P&L Leadership",Achieve assigned annual BU revenue and gross profit targets,25.00,"Sourced from Functional / Delivery / Product / Assistant Vice President [New shelf 25-Sep-2026 — adapted, please review]"
Sales,Assistant Vice President,Financial,Commercial Strategy & Organic Account Growth,Expand business portfolio by 15%+ through new client contracts and CRs,15.00,"Sourced from Functional / Delivery / Product / Assistant Vice President [New shelf 25-Sep-2026 — adapted, please review]"
Sales,Assistant Vice President,Project / Process,Portfolio Delivery Governance & Operational Excellence,Ensure 100% portfolio projects meet SLA & timeline benchmarks; 0 regulatory breaches,20.00,"Sourced from Functional / Delivery / Product / Assistant Vice President [New shelf 25-Sep-2026 — adapted, please review]"
Sales,Assistant Vice President,Project / Process,Strategic Product Modernization & Quality Gates,Sponsor strategic architecture modernization & enterprise process automation,15.00,"Sourced from Functional / Delivery / Product / Assistant Vice President [New shelf 25-Sep-2026 — adapted, please review]"
Sales,Assistant Vice President,Internal / External Customer,Key Client C-Suite Sponsorship & Relationship Management,Maintain bank C-level satisfaction rating >= 9.2/10; zero major client account loss,13.00,"Sourced from Functional / Delivery / Product / Assistant Vice President [New shelf 25-Sep-2026 — adapted, please review]"
Sales,Assistant Vice President,People,"Organizational Leadership, Culture & Talent Retention",Drive high-performance culture; keep key talent retention rate > 90%,12.00,"Sourced from Functional / Delivery / Product / Assistant Vice President [New shelf 25-Sep-2026 — adapted, please review]"
Sales,Senior Manager,Financial,Portfolio Financial Management & P&L Oversight,Achieve revenue & operating margin targets across assigned project portfolio,25.00,"Sourced from Functional / Delivery / Product / Senior Manager [New shelf 25-Sep-2026 — adapted, please review]"
Sales,Senior Manager,Financial,Account Revenue Expansion via Value Additions,Drive 15%+ organic revenue growth through new modules and change requests,15.00,"Sourced from Functional / Delivery / Product / Senior Manager [New shelf 25-Sep-2026 — adapted, please review]"
Sales,Senior Manager,Project / Process,Portfolio Governance & On-Time Project Delivery,98%+ on-time milestone delivery across portfolio; zero critical delivery defaults,20.00,"Sourced from Functional / Delivery / Product / Senior Manager [New shelf 25-Sep-2026 — adapted, please review]"
Sales,Senior Manager,Project / Process,"Quality Assurance, Audit & Regulatory Compliance",100% compliance with enterprise risk frameworks & regulatory audits,15.00,"Sourced from Functional / Delivery / Product / Senior Manager [New shelf 25-Sep-2026 — adapted, please review]"
Sales,Senior Manager,Internal / External Customer,Senior Client Relationship Management & CSAT,Maintain senior stakeholder CSAT score >= 9/10; quarterly alignment reviews done,13.00,"Sourced from Functional / Delivery / Product / Senior Manager [New shelf 25-Sep-2026 — adapted, please review]"
Sales,Senior Manager,People,"Leadership Pipeline, Succession & Retention",Maintain key talent retention rate >= 90%; execute leadership coaching for leads,12.00,"Sourced from Functional / Delivery / Product / Senior Manager [New shelf 25-Sep-2026 — adapted, please review]"
Sales,Senior Vice President I,Financial,"Corporate financial growth, enterprise revenue & profitability","Achieve overall corporate financial targets, revenue expansion & EBITDA goals",25.00,"Sourced from Development / Senior Vice President [New shelf 25-Sep-2026 — adapted, please review]"
Sales,Senior Vice President I,Financial,"Strategic investments, M&A & capital allocation",Ensure high ROI on product investments and new strategic market initiatives,15.00,"Sourced from Development / Senior Vice President [New shelf 25-Sep-2026 — adapted, please review]"
Sales,Senior Vice President I,Project / Process,Enterprise strategic vision & organizational alignment,Translate corporate strategy into operational execution across all business units,20.00,"Sourced from Development / Senior Vice President [New shelf 25-Sep-2026 — adapted, please review]"
Sales,Senior Vice President I,Project / Process,"Global regulatory, compliance & corporate governance",Maintain flawless corporate governance and global banking regulatory compliance,15.00,"Sourced from Development / Senior Vice President [New shelf 25-Sep-2026 — adapted, please review]"
Sales,Senior Vice President I,Internal / External Customer,Industry thought leadership & key banking stakeholder trust,Represent Mindgate in global fintech forums; maintain trust of top banking CXOs,12.00,"Sourced from Development / Senior Vice President [New shelf 25-Sep-2026 — adapted, please review]"
Sales,Senior Vice President I,People,"Executive talent acquisition, succession planning & organizational culture",Build future leadership capacity; establish top-tier organizational workplace culture,13.00,"Sourced from Development / Senior Vice President [New shelf 25-Sep-2026 — adapted, please review]"
Sales,Senior Vice President II,Financial,"Corporate financial growth, enterprise revenue & profitability","Achieve overall corporate financial targets, revenue expansion & EBITDA goals",25.00,"Sourced from Development / Senior Vice President [New shelf 25-Sep-2026 — adapted, please review]"
Sales,Senior Vice President II,Financial,"Strategic investments, M&A & capital allocation",Ensure high ROI on product investments and new strategic market initiatives,15.00,"Sourced from Development / Senior Vice President [New shelf 25-Sep-2026 — adapted, please review]"
Sales,Senior Vice President II,Project / Process,Enterprise strategic vision & organizational alignment,Translate corporate strategy into operational execution across all business units,20.00,"Sourced from Development / Senior Vice President [New shelf 25-Sep-2026 — adapted, please review]"
Sales,Senior Vice President II,Project / Process,"Global regulatory, compliance & corporate governance",Maintain flawless corporate governance and global banking regulatory compliance,15.00,"Sourced from Development / Senior Vice President [New shelf 25-Sep-2026 — adapted, please review]"
Sales,Senior Vice President II,Internal / External Customer,Industry thought leadership & key banking stakeholder trust,Represent Mindgate in global fintech forums; maintain trust of top banking CXOs,12.00,"Sourced from Development / Senior Vice President [New shelf 25-Sep-2026 — adapted, please review]"
Sales,Senior Vice President II,People,"Executive talent acquisition, succession planning & organizational culture",Build future leadership capacity; establish top-tier organizational workplace culture,13.00,"Sourced from Development / Senior Vice President [New shelf 25-Sep-2026 — adapted, please review]"
Sales,Vice President,Financial,"Division P&L, Revenue Growth & EBIT Targets",Deliver target annual division revenue (15-20% YoY growth) and EBITDA margin,25.00,"Sourced from Functional / Delivery / Product / Deputy Vice President [New shelf 25-Sep-2026 — adapted, please review]"
Sales,Vice President,Financial,OPEX & CAPEX Optimization Strategy,Optimize operational expenditure; zero unbudgeted financial overrun,15.00,"Sourced from Functional / Delivery / Product / Deputy Vice President [New shelf 25-Sep-2026 — adapted, please review]"
Sales,Vice President,Project / Process,Strategic Roadmap Execution & Operational Resilience,Achieve 99.99% operational SLA compliance across division deliverables,20.00,"Sourced from Functional / Delivery / Product / Deputy Vice President [New shelf 25-Sep-2026 — adapted, please review]"
Sales,Vice President,Project / Process,"Governance, Audit & Regulatory Excellence",100% clean audit reports from central bank and enterprise client audits,15.00,"Sourced from Functional / Delivery / Product / Deputy Vice President [New shelf 25-Sep-2026 — adapted, please review]"
Sales,Vice President,Internal / External Customer,Senior Bank Leadership Relationships & Strategic Retention,Maintain C-level client relationship health score >= 9.2/10; 0 account churn,13.00,"Sourced from Functional / Delivery / Product / Deputy Vice President [New shelf 25-Sep-2026 — adapted, please review]"
Sales,Vice President,People,Executive Succession Planning & High-Performance Culture,Build strong middle management leadership pipeline; key talent attrition < 8%,12.00,"Sourced from Functional / Delivery / Product / Deputy Vice President [New shelf 25-Sep-2026 — adapted, please review]"
Sales,Vice President I,Financial,"Division P&L, Revenue Growth & EBIT Targets",Deliver target annual division revenue (15-20% YoY growth) and EBITDA margin,25.00,"Sourced from Functional / Delivery / Product / Deputy Vice President [New shelf 25-Sep-2026 — adapted, please review]"
Sales,Vice President I,Financial,OPEX & CAPEX Optimization Strategy,Optimize operational expenditure; zero unbudgeted financial overrun,15.00,"Sourced from Functional / Delivery / Product / Deputy Vice President [New shelf 25-Sep-2026 — adapted, please review]"
Sales,Vice President I,Project / Process,Strategic Roadmap Execution & Operational Resilience,Achieve 99.99% operational SLA compliance across division deliverables,20.00,"Sourced from Functional / Delivery / Product / Deputy Vice President [New shelf 25-Sep-2026 — adapted, please review]"
Sales,Vice President I,Project / Process,"Governance, Audit & Regulatory Excellence",100% clean audit reports from central bank and enterprise client audits,15.00,"Sourced from Functional / Delivery / Product / Deputy Vice President [New shelf 25-Sep-2026 — adapted, please review]"
Sales,Vice President I,Internal / External Customer,Senior Bank Leadership Relationships & Strategic Retention,Maintain C-level client relationship health score >= 9.2/10; 0 account churn,13.00,"Sourced from Functional / Delivery / Product / Deputy Vice President [New shelf 25-Sep-2026 — adapted, please review]"
Sales,Vice President I,People,Executive Succession Planning & High-Performance Culture,Build strong middle management leadership pipeline; key talent attrition < 8%,12.00,"Sourced from Functional / Delivery / Product / Deputy Vice President [New shelf 25-Sep-2026 — adapted, please review]"
Sales,Vice President II,Financial,"Division P&L, Revenue Growth & EBIT Targets",Deliver target annual division revenue (15-20% YoY growth) and EBITDA margin,25.00,"Sourced from Functional / Delivery / Product / Deputy Vice President [New shelf 25-Sep-2026 — adapted, please review]"
Sales,Vice President II,Financial,OPEX & CAPEX Optimization Strategy,Optimize operational expenditure; zero unbudgeted financial overrun,15.00,"Sourced from Functional / Delivery / Product / Deputy Vice President [New shelf 25-Sep-2026 — adapted, please review]"
Sales,Vice President II,Project / Process,Strategic Roadmap Execution & Operational Resilience,Achieve 99.99% operational SLA compliance across division deliverables,20.00,"Sourced from Functional / Delivery / Product / Deputy Vice President [New shelf 25-Sep-2026 — adapted, please review]"
Sales,Vice President II,Project / Process,"Governance, Audit & Regulatory Excellence",100% clean audit reports from central bank and enterprise client audits,15.00,"Sourced from Functional / Delivery / Product / Deputy Vice President [New shelf 25-Sep-2026 — adapted, please review]"
Sales,Vice President II,Internal / External Customer,Senior Bank Leadership Relationships & Strategic Retention,Maintain C-level client relationship health score >= 9.2/10; 0 account churn,13.00,"Sourced from Functional / Delivery / Product / Deputy Vice President [New shelf 25-Sep-2026 — adapted, please review]"
Sales,Vice President II,People,Executive Succession Planning & High-Performance Culture,Build strong middle management leadership pipeline; key talent attrition < 8%,12.00,"Sourced from Functional / Delivery / Product / Deputy Vice President [New shelf 25-Sep-2026 — adapted, please review]"
Support,Assistant Manager,Financial,"TD, BD analysis beyond Threshold",100% of case (Including Daily) going beyond threashold(TD>0.1%) to be analysed and highlighted to next level,10.00,Dependancy on development team; Tab named after a person (Vipul); Sourced from Application Support / L3 Support
Support,Assistant Manager,Financial,Incident analysis,100% adherence to SLA of trouble shooting and RCA Preparation and discussion with bank and internal team,10.00,Tab named after a person (Vipul); Sourced from Application Support / L3 Support
Support,Assistant Manager,Project / Process,Issue Analysis - Application Defect Indentification,100%cases reported by client to be closed end to end,10.00,Dependancy on development team; Tab named after a person (Vipul); Sourced from Application Support / L3 Support
Support,Assistant Manager,Project / Process,DR Drill Support,100% Adherence to guidelines/SOPs,5.00,Tab named after a person (Vipul); Sourced from Application Support / L3 Support
Support,Assistant Manager,Project / Process,Weekly Review with L1/L2,100% Submission of weekly tracker,10.00,Tab named after a person (Vipul); Sourced from Application Support / L3 Support
Support,Assistant Manager,Project / Process,Meeting with Client/Internal team,weekly meeting with proper MOM & Actionable,10.00,Tab named after a person (Vipul); Sourced from Application Support / L3 Support
Support,Assistant Manager,Project / Process,Product and Infra Setup Understanding,Review of knowledge article submitted by L1/L2 and publish in repository on monthly basis | min 10 unique knowledge article submission on quarterly basis,10.00,Tab named after a person (Vipul); Sourced from Application Support / L3 Support; Sourced from Application Support / L3 Support; Merged 2 rows with the same KRA; weight kept at 10 (identical on all 2 rows)
Support,Assistant Manager,Internal / External Customer,C-SAT,8 by 10,10.00,Templatised data from client and internal manager; Tab named after a person (Vipul); Sourced from Application Support / L3 Support
Support,Assistant Manager,People,Time sheet,100% Adherence,5.00,Tab named after a person (Vipul); Sourced from Application Support / L3 Support
Support,Assistant Manager,People,JIRA,100% Adherence,10.00,Tab named after a person (Vipul); Sourced from Application Support / L3 Support
Support,Assistant Manager,People,Interpersonal skills,No Major Escalation for behavioral issues,5.00,Tab named after a person (Vipul); Sourced from Application Support / L3 Support
Support,Assistant Manager,People,Training,40 hours of training in a year arrnaged by MGS,5.00,Tab named after a person (Vipul); Sourced from Application Support / L3 Support
Support,Complaint Executive,Financial,Payment Milestones,Ontime or max delay of 3 months,3.00,Sourced from Application Support / L1 Support; Sourced from Support / Executive
Support,Complaint Executive,Financial,Time to respond to RFPs Estimates,Max 5 days,2.00,Sourced from Application Support / L1 Support; Sourced from Support / Executive
Support,Complaint Executive,Financial,People Addition to project,Not more than 10% more than planned,3.00,Sourced from Application Support / L1 Support; Sourced from Support / Executive
Support,Complaint Executive,Financial,Incident analysis,100% adherence to SLA of trouble shooting and timely action based on defined SOPs and instructions by L2/ L3,5.00,Sourced from Application Support / L1 Support; Sourced from Support / Executive
Support,Complaint Executive,Financial,Monthly Billing Data,before 5th of every month to A/C & Finance,3.00,"Mention Dependencies if any; Tab is named ""Template""; generic support goals, assigned to L1; Sourced from Application Support / L1 Support; Sourced from Support / Executive"
Support,Complaint Executive,Financial,Unplanned downtime,As per SLA,6.00,"Tab is named ""Template""; generic support goals, assigned to L1; Sourced from Application Support / L1 Support; Sourced from Support / Executive"
Support,Complaint Executive,Financial,Technical declines,Success Rate approx 99.95%,3.00,"Tab is named ""Template""; generic support goals, assigned to L1; Sourced from Application Support / L1 Support; Sourced from Support / Executive"
Support,Complaint Executive,Project / Process,Use of Tools (Zoho) for project Tracking,100% Adaption,3.00,Sourced from Application Support / L1 Support; Sourced from Support / Executive
Support,Complaint Executive,Project / Process,Stage wise tracking of estimates planned vs actual,Every Month for all projects,2.00,Sourced from Application Support / L1 Support; Sourced from Support / Executive
Support,Complaint Executive,Project / Process,Focus on QA process for improvement of Quality,100% QA,3.00,Sourced from Application Support / L1 Support; Sourced from Support / Executive
Support,Complaint Executive,Project / Process,Daily Checklist,100%Adherence to execution of daily task list and preparation of daily checklist report,6.00,Sourced from Application Support / L1 Support; Sourced from Support / Executive
Support,Complaint Executive,Project / Process,Review daily Task with L2,100% Submission of daily tracker and review with L2/L3,3.00,Sourced from Application Support / L1 Support; Sourced from Support / Executive
Support,Complaint Executive,Project / Process,Deployment activity Support,100% Adherence to guidelines/SOPs,2.00,Sourced from Application Support / L1 Support; Sourced from Support / Executive
Support,Complaint Executive,Project / Process,DR Drill Support,100% Adherence to guidelines/SOPs,2.00,Sourced from Application Support / L1 Support; Sourced from Support / Executive
Support,Complaint Executive,Project / Process,Product and Infra Setup Understanding,min 5 unique knowledge article submission on quarterly basis,3.00,Sourced from Application Support / L1 Support; Sourced from Support / Executive
Support,Complaint Executive,Project / Process,BAU activities,Baseon SLA,3.00,"Tab is named ""Template""; generic support goals, assigned to L1; Sourced from Application Support / L1 Support; Sourced from Support / Executive"
Support,Complaint Executive,Project / Process,User Based issues,Depends on priority agreed by bank,6.00,"Tab is named ""Template""; generic support goals, assigned to L1; Sourced from Application Support / L1 Support; Sourced from Support / Executive"
Support,Complaint Executive,Project / Process,Quaterly Activity -DR Drill,Quarterly,6.00,"Tab is named ""Template""; generic support goals, assigned to L1; Sourced from Application Support / L1 Support; Sourced from Support / Executive"
Support,Complaint Executive,Internal / External Customer,Response to queries,Max in 24 Hrs all the time,3.00,Sourced from Application Support / L1 Support; Sourced from Support / Executive
Support,Complaint Executive,Internal / External Customer,Drop in Escalation,Drop in escalation by 80%,2.00,Sourced from Application Support / L1 Support; Sourced from Support / Executive
Support,Complaint Executive,Internal / External Customer,C-SAT,8 by 10,2.00,Templatised data from client/internal manager; Sourced from Application Support / L1 Support; Sourced from Support / Executive
Support,Complaint Executive,Internal / External Customer,MIS Report,based on frequency as per client requirement,3.00,"Tab is named ""Template""; generic support goals, assigned to L1; Sourced from Application Support / L1 Support; Sourced from Support / Executive"
Support,Complaint Executive,Internal / External Customer,Performance report to bank,Daily basis,3.00,"Not rated for this year - but practice initiated; Tab is named ""Template""; generic support goals, assigned to L1; Sourced from Application Support / L1 Support; Sourced from Support / Executive"
Support,Complaint Executive,People,Timely Interviews,Not more than 10% cancellation / postponement,3.00,Sourced from Application Support / L1 Support; Sourced from Support / Executive
Support,Complaint Executive,People,Compliance to Zoho Time,1,3.00,Sourced from Application Support / L1 Support; Sourced from Support / Executive
Support,Complaint Executive,People,Team attrition for Overall CI,< 15%,3.00,Sourced from Application Support / L1 Support; Sourced from Support / Executive
Support,Complaint Executive,People,Employee Review Quarterly,1,2.00,Sourced from Application Support / L1 Support; Sourced from Support / Executive
Support,Complaint Executive,People,Time sheet,100% Adherence,3.00,Sourced from Application Support / L1 Support; Sourced from Support / Executive
Support,Complaint Executive,People,JIRA,100% Adherence,3.00,Sourced from Application Support / L1 Support; Sourced from Support / Executive
Support,Complaint Executive,People,Interpersonal skills,No Major Escalation for behavioral issues,2.00,Sourced from Application Support / L1 Support; Sourced from Support / Executive
Support,Complaint Executive,People,Training,40 hours of training in a year arrnaged by MGS,2.00,Sourced from Application Support / L1 Support; Sourced from Support / Executive
Support,Complaint Executive,People,Timesheet,100% Adoption,1.00,"Tab is named ""Template""; generic support goals, assigned to L1; Sourced from Application Support / L1 Support; Sourced from Support / Executive"
Support,Complaint Executive,People,JIRA Tracking,100% Adoption,1.00,"Tab is named ""Template""; generic support goals, assigned to L1; Sourced from Application Support / L1 Support; Sourced from Support / Executive"
Support,Executive,Financial,Payment Milestones,Ontime or max delay of 3 months,3.00,Sourced from Application Support / L1 Support
Support,Executive,Financial,Time to respond to RFPs Estimates,Max 5 days,2.00,Sourced from Application Support / L1 Support
Support,Executive,Financial,People Addition to project,Not more than 10% more than planned,3.00,Sourced from Application Support / L1 Support
Support,Executive,Financial,Incident analysis,100% adherence to SLA of trouble shooting and timely action based on defined SOPs and instructions by L2/ L3,5.00,Sourced from Application Support / L1 Support
Support,Executive,Financial,Monthly Billing Data,before 5th of every month to A/C & Finance,3.00,"Mention Dependencies if any; Tab is named ""Template""; generic support goals, assigned to L1; Sourced from Application Support / L1 Support"
Support,Executive,Financial,Unplanned downtime,As per SLA,6.00,"Tab is named ""Template""; generic support goals, assigned to L1; Sourced from Application Support / L1 Support"
Support,Executive,Financial,Technical declines,Success Rate approx 99.95%,3.00,"Tab is named ""Template""; generic support goals, assigned to L1; Sourced from Application Support / L1 Support"
Support,Executive,Project / Process,Use of Tools (Zoho) for project Tracking,100% Adaption,3.00,Sourced from Application Support / L1 Support
Support,Executive,Project / Process,Stage wise tracking of estimates planned vs actual,Every Month for all projects,2.00,Sourced from Application Support / L1 Support
Support,Executive,Project / Process,Focus on QA process for improvement of Quality,100% QA,3.00,Sourced from Application Support / L1 Support
Support,Executive,Project / Process,Daily Checklist,100%Adherence to execution of daily task list and preparation of daily checklist report,6.00,Sourced from Application Support / L1 Support
Support,Executive,Project / Process,Review daily Task with L2,100% Submission of daily tracker and review with L2/L3,3.00,Sourced from Application Support / L1 Support
Support,Executive,Project / Process,Deployment activity Support,100% Adherence to guidelines/SOPs,2.00,Sourced from Application Support / L1 Support
Support,Executive,Project / Process,DR Drill Support,100% Adherence to guidelines/SOPs,2.00,Sourced from Application Support / L1 Support
Support,Executive,Project / Process,Product and Infra Setup Understanding,min 5 unique knowledge article submission on quarterly basis,3.00,Sourced from Application Support / L1 Support
Support,Executive,Project / Process,BAU activities,Baseon SLA,3.00,"Tab is named ""Template""; generic support goals, assigned to L1; Sourced from Application Support / L1 Support"
Support,Executive,Project / Process,User Based issues,Depends on priority agreed by bank,6.00,"Tab is named ""Template""; generic support goals, assigned to L1; Sourced from Application Support / L1 Support"
Support,Executive,Project / Process,Quaterly Activity -DR Drill,Quarterly,6.00,"Tab is named ""Template""; generic support goals, assigned to L1; Sourced from Application Support / L1 Support"
Support,Executive,Internal / External Customer,Response to queries,Max in 24 Hrs all the time,3.00,Sourced from Application Support / L1 Support
Support,Executive,Internal / External Customer,Drop in Escalation,Drop in escalation by 80%,2.00,Sourced from Application Support / L1 Support
Support,Executive,Internal / External Customer,C-SAT,8 by 10,2.00,Templatised data from client/internal manager; Sourced from Application Support / L1 Support
Support,Executive,Internal / External Customer,MIS Report,based on frequency as per client requirement,3.00,"Tab is named ""Template""; generic support goals, assigned to L1; Sourced from Application Support / L1 Support"
Support,Executive,Internal / External Customer,Performance report to bank,Daily basis,3.00,"Not rated for this year - but practice initiated; Tab is named ""Template""; generic support goals, assigned to L1; Sourced from Application Support / L1 Support"
Support,Executive,People,Timely Interviews,Not more than 10% cancellation / postponement,3.00,Sourced from Application Support / L1 Support
Support,Executive,People,Compliance to Zoho Time,1,3.00,Sourced from Application Support / L1 Support
Support,Executive,People,Team attrition for Overall CI,< 15%,3.00,Sourced from Application Support / L1 Support
Support,Executive,People,Employee Review Quarterly,1,2.00,Sourced from Application Support / L1 Support
Support,Executive,People,Time sheet,100% Adherence,3.00,Sourced from Application Support / L1 Support
Support,Executive,People,JIRA,100% Adherence,3.00,Sourced from Application Support / L1 Support
Support,Executive,People,Interpersonal skills,No Major Escalation for behavioral issues,2.00,Sourced from Application Support / L1 Support
Support,Executive,People,Training,40 hours of training in a year arrnaged by MGS,2.00,Sourced from Application Support / L1 Support
Support,Executive,People,Timesheet,100% Adoption,1.00,"Tab is named ""Template""; generic support goals, assigned to L1; Sourced from Application Support / L1 Support"
Support,Executive,People,JIRA Tracking,100% Adoption,1.00,"Tab is named ""Template""; generic support goals, assigned to L1; Sourced from Application Support / L1 Support"
Support,Lead,Financial,"TD, BD analysis beyond Threshold",100% of case (Including Daily) going beyond threashold(TD>0.1%) to be analysed and highlighted to next level,10.00,Dependancy on development team; Tab named after a person (Vipul); Sourced from Application Support / L3 Support
Support,Lead,Financial,Incident analysis,100% adherence to SLA of trouble shooting and RCA Preparation and discussion with bank and internal team,10.00,Tab named after a person (Vipul); Sourced from Application Support / L3 Support
Support,Lead,Project / Process,Issue Analysis - Application Defect Indentification,100%cases reported by client to be closed end to end,10.00,Dependancy on development team; Tab named after a person (Vipul); Sourced from Application Support / L3 Support
Support,Lead,Project / Process,DR Drill Support,100% Adherence to guidelines/SOPs,5.00,Tab named after a person (Vipul); Sourced from Application Support / L3 Support
Support,Lead,Project / Process,Weekly Review with L1/L2,100% Submission of weekly tracker,10.00,Tab named after a person (Vipul); Sourced from Application Support / L3 Support
Support,Lead,Project / Process,Meeting with Client/Internal team,weekly meeting with proper MOM & Actionable,10.00,Tab named after a person (Vipul); Sourced from Application Support / L3 Support
Support,Lead,Project / Process,Product and Infra Setup Understanding,Review of knowledge article submitted by L1/L2 and publish in repository on monthly basis | min 10 unique knowledge article submission on quarterly basis,10.00,Tab named after a person (Vipul); Sourced from Application Support / L3 Support; Sourced from Application Support / L3 Support; Merged 2 rows with the same KRA; weight kept at 10 (identical on all 2 rows)
Support,Lead,Internal / External Customer,C-SAT,8 by 10,10.00,Templatised data from client and internal manager; Tab named after a person (Vipul); Sourced from Application Support / L3 Support
Support,Lead,People,Time sheet,100% Adherence,5.00,Tab named after a person (Vipul); Sourced from Application Support / L3 Support
Support,Lead,People,JIRA,100% Adherence,10.00,Tab named after a person (Vipul); Sourced from Application Support / L3 Support
Support,Lead,People,Interpersonal skills,No Major Escalation for behavioral issues,5.00,Tab named after a person (Vipul); Sourced from Application Support / L3 Support
Support,Lead,People,Training,40 hours of training in a year arrnaged by MGS,5.00,Tab named after a person (Vipul); Sourced from Application Support / L3 Support
Support,Senior Executive,Financial,Payment Milestones,Ontime or max delay of 3 months,3.00,Sourced from Application Support / L1 Support
Support,Senior Executive,Financial,Time to respond to RFPs Estimates,Max 5 days,2.00,Sourced from Application Support / L1 Support
Support,Senior Executive,Financial,People Addition to project,Not more than 10% more than planned,3.00,Sourced from Application Support / L1 Support
Support,Senior Executive,Financial,Incident analysis,100% adherence to SLA of trouble shooting and timely action based on defined SOPs and instructions by L2/ L3,5.00,Sourced from Application Support / L1 Support
Support,Senior Executive,Financial,Monthly Billing Data,before 5th of every month to A/C & Finance,3.00,"Mention Dependencies if any; Tab is named ""Template""; generic support goals, assigned to L1; Sourced from Application Support / L1 Support"
Support,Senior Executive,Financial,Unplanned downtime,As per SLA,6.00,"Tab is named ""Template""; generic support goals, assigned to L1; Sourced from Application Support / L1 Support"
Support,Senior Executive,Financial,Technical declines,Success Rate approx 99.95%,3.00,"Tab is named ""Template""; generic support goals, assigned to L1; Sourced from Application Support / L1 Support"
Support,Senior Executive,Project / Process,Use of Tools (Zoho) for project Tracking,100% Adaption,3.00,Sourced from Application Support / L1 Support
Support,Senior Executive,Project / Process,Stage wise tracking of estimates planned vs actual,Every Month for all projects,2.00,Sourced from Application Support / L1 Support
Support,Senior Executive,Project / Process,Focus on QA process for improvement of Quality,100% QA,3.00,Sourced from Application Support / L1 Support
Support,Senior Executive,Project / Process,Daily Checklist,100%Adherence to execution of daily task list and preparation of daily checklist report,6.00,Sourced from Application Support / L1 Support
Support,Senior Executive,Project / Process,Review daily Task with L2,100% Submission of daily tracker and review with L2/L3,3.00,Sourced from Application Support / L1 Support
Support,Senior Executive,Project / Process,Deployment activity Support,100% Adherence to guidelines/SOPs,2.00,Sourced from Application Support / L1 Support
Support,Senior Executive,Project / Process,DR Drill Support,100% Adherence to guidelines/SOPs,2.00,Sourced from Application Support / L1 Support
Support,Senior Executive,Project / Process,Product and Infra Setup Understanding,min 5 unique knowledge article submission on quarterly basis,3.00,Sourced from Application Support / L1 Support
Support,Senior Executive,Project / Process,BAU activities,Baseon SLA,3.00,"Tab is named ""Template""; generic support goals, assigned to L1; Sourced from Application Support / L1 Support"
Support,Senior Executive,Project / Process,User Based issues,Depends on priority agreed by bank,6.00,"Tab is named ""Template""; generic support goals, assigned to L1; Sourced from Application Support / L1 Support"
Support,Senior Executive,Project / Process,Quaterly Activity -DR Drill,Quarterly,6.00,"Tab is named ""Template""; generic support goals, assigned to L1; Sourced from Application Support / L1 Support"
Support,Senior Executive,Internal / External Customer,Response to queries,Max in 24 Hrs all the time,3.00,Sourced from Application Support / L1 Support
Support,Senior Executive,Internal / External Customer,Drop in Escalation,Drop in escalation by 80%,2.00,Sourced from Application Support / L1 Support
Support,Senior Executive,Internal / External Customer,C-SAT,8 by 10,2.00,Templatised data from client/internal manager; Sourced from Application Support / L1 Support
Support,Senior Executive,Internal / External Customer,MIS Report,based on frequency as per client requirement,3.00,"Tab is named ""Template""; generic support goals, assigned to L1; Sourced from Application Support / L1 Support"
Support,Senior Executive,Internal / External Customer,Performance report to bank,Daily basis,3.00,"Not rated for this year - but practice initiated; Tab is named ""Template""; generic support goals, assigned to L1; Sourced from Application Support / L1 Support"
Support,Senior Executive,People,Timely Interviews,Not more than 10% cancellation / postponement,3.00,Sourced from Application Support / L1 Support
Support,Senior Executive,People,Compliance to Zoho Time,1,3.00,Sourced from Application Support / L1 Support
Support,Senior Executive,People,Team attrition for Overall CI,< 15%,3.00,Sourced from Application Support / L1 Support
Support,Senior Executive,People,Employee Review Quarterly,1,2.00,Sourced from Application Support / L1 Support
Support,Senior Executive,People,Time sheet,100% Adherence,3.00,Sourced from Application Support / L1 Support
Support,Senior Executive,People,JIRA,100% Adherence,3.00,Sourced from Application Support / L1 Support
Support,Senior Executive,People,Interpersonal skills,No Major Escalation for behavioral issues,2.00,Sourced from Application Support / L1 Support
Support,Senior Executive,People,Training,40 hours of training in a year arrnaged by MGS,2.00,Sourced from Application Support / L1 Support
Support,Senior Executive,People,Timesheet,100% Adoption,1.00,"Tab is named ""Template""; generic support goals, assigned to L1; Sourced from Application Support / L1 Support"
Support,Senior Executive,People,JIRA Tracking,100% Adoption,1.00,"Tab is named ""Template""; generic support goals, assigned to L1; Sourced from Application Support / L1 Support"
Support,Senior Software Analyst,Financial,"TD, BD analysis beyond Threshold",100% of case (Including Daily) going beyond threashold(TD>0.1%) to be analysed and highlighted to next level,10.00,Dependancy on development team; Sourced from Application Support / L2 Support
Support,Senior Software Analyst,Financial,Incident analysis,100% adherence to SLA of trouble shooting and RCA Preparation and discussion with bank and internal team,10.00,Sourced from Application Support / L2 Support
Support,Senior Software Analyst,Project / Process,Issue Analysis - Application Defect Indentification,100% Cases/Tickets reported by client to be closed end to end,10.00,Dependancy on development team; Sourced from Application Support / L2 Support
Support,Senior Software Analyst,Project / Process,Deployment activity Support,100% Adherence to guidelines/SOPs,5.00,Sourced from Application Support / L2 Support
Support,Senior Software Analyst,Project / Process,DR Drill Support,100% Adherence to guidelines/SOPs,5.00,Sourced from Application Support / L2 Support
Support,Senior Software Analyst,Project / Process,Review daily Task of L1 Support /Monitoring,100% Submission of daily tracker,10.00,Sourced from Application Support / L2 Support
Support,Senior Software Analyst,Project / Process,Meeting with Client/Internal team,weekly meeting with proper MOM & Actionable,10.00,Sourced from Application Support / L2 Support
Support,Senior Software Analyst,Project / Process,Product and Infra Setup Understanding,min 10 unique knowledge article submission on quarterly basis,10.00,Sourced from Application Support / L2 Support
Support,Senior Software Analyst,Internal / External Customer,C-SAT,8 by 10,5.00,Templatised data from client and internal manager; Sourced from Application Support / L2 Support
Support,Senior Software Analyst,People,Time sheet,100% Adherence,5.00,Sourced from Application Support / L2 Support
Support,Senior Software Analyst,People,JIRA,100% Adherence,10.00,Sourced from Application Support / L2 Support
Support,Senior Software Analyst,People,Interpersonal skills,No Major Escalation for behavioral issues,5.00,Sourced from Application Support / L2 Support
Support,Senior Software Analyst,People,Training,40 hours of training in a year arrnaged by MGS,5.00,Sourced from Application Support / L2 Support
Support,Software Analyst,Financial,Payment Milestones,Ontime or max delay of 3 months,3.00,Sourced from Application Support / L1 Support
Support,Software Analyst,Financial,Time to respond to RFPs Estimates,Max 5 days,2.00,Sourced from Application Support / L1 Support
Support,Software Analyst,Financial,People Addition to project,Not more than 10% more than planned,3.00,Sourced from Application Support / L1 Support
Support,Software Analyst,Financial,Incident analysis,100% adherence to SLA of trouble shooting and timely action based on defined SOPs and instructions by L2/ L3,5.00,Sourced from Application Support / L1 Support
Support,Software Analyst,Financial,Monthly Billing Data,before 5th of every month to A/C & Finance,3.00,"Mention Dependencies if any; Tab is named ""Template""; generic support goals, assigned to L1; Sourced from Application Support / L1 Support"
Support,Software Analyst,Financial,Unplanned downtime,As per SLA,6.00,"Tab is named ""Template""; generic support goals, assigned to L1; Sourced from Application Support / L1 Support"
Support,Software Analyst,Financial,Technical declines,Success Rate approx 99.95%,3.00,"Tab is named ""Template""; generic support goals, assigned to L1; Sourced from Application Support / L1 Support"
Support,Software Analyst,Project / Process,Use of Tools (Zoho) for project Tracking,100% Adaption,3.00,Sourced from Application Support / L1 Support
Support,Software Analyst,Project / Process,Stage wise tracking of estimates planned vs actual,Every Month for all projects,2.00,Sourced from Application Support / L1 Support
Support,Software Analyst,Project / Process,Focus on QA process for improvement of Quality,100% QA,3.00,Sourced from Application Support / L1 Support
Support,Software Analyst,Project / Process,Daily Checklist,100%Adherence to execution of daily task list and preparation of daily checklist report,6.00,Sourced from Application Support / L1 Support
Support,Software Analyst,Project / Process,Review daily Task with L2,100% Submission of daily tracker and review with L2/L3,3.00,Sourced from Application Support / L1 Support
Support,Software Analyst,Project / Process,Deployment activity Support,100% Adherence to guidelines/SOPs,2.00,Sourced from Application Support / L1 Support
Support,Software Analyst,Project / Process,DR Drill Support,100% Adherence to guidelines/SOPs,2.00,Sourced from Application Support / L1 Support
Support,Software Analyst,Project / Process,Product and Infra Setup Understanding,min 5 unique knowledge article submission on quarterly basis,3.00,Sourced from Application Support / L1 Support
Support,Software Analyst,Project / Process,BAU activities,Baseon SLA,3.00,"Tab is named ""Template""; generic support goals, assigned to L1; Sourced from Application Support / L1 Support"
Support,Software Analyst,Project / Process,User Based issues,Depends on priority agreed by bank,6.00,"Tab is named ""Template""; generic support goals, assigned to L1; Sourced from Application Support / L1 Support"
Support,Software Analyst,Project / Process,Quaterly Activity -DR Drill,Quarterly,6.00,"Tab is named ""Template""; generic support goals, assigned to L1; Sourced from Application Support / L1 Support"
Support,Software Analyst,Internal / External Customer,Response to queries,Max in 24 Hrs all the time,3.00,Sourced from Application Support / L1 Support
Support,Software Analyst,Internal / External Customer,Drop in Escalation,Drop in escalation by 80%,2.00,Sourced from Application Support / L1 Support
Support,Software Analyst,Internal / External Customer,C-SAT,8 by 10,2.00,Templatised data from client/internal manager; Sourced from Application Support / L1 Support
Support,Software Analyst,Internal / External Customer,MIS Report,based on frequency as per client requirement,3.00,"Tab is named ""Template""; generic support goals, assigned to L1; Sourced from Application Support / L1 Support"
Support,Software Analyst,Internal / External Customer,Performance report to bank,Daily basis,3.00,"Not rated for this year - but practice initiated; Tab is named ""Template""; generic support goals, assigned to L1; Sourced from Application Support / L1 Support"
Support,Software Analyst,People,Timely Interviews,Not more than 10% cancellation / postponement,3.00,Sourced from Application Support / L1 Support
Support,Software Analyst,People,Compliance to Zoho Time,1,3.00,Sourced from Application Support / L1 Support
Support,Software Analyst,People,Team attrition for Overall CI,< 15%,3.00,Sourced from Application Support / L1 Support
Support,Software Analyst,People,Employee Review Quarterly,1,2.00,Sourced from Application Support / L1 Support
Support,Software Analyst,People,Time sheet,100% Adherence,3.00,Sourced from Application Support / L1 Support
Support,Software Analyst,People,JIRA,100% Adherence,3.00,Sourced from Application Support / L1 Support
Support,Software Analyst,People,Interpersonal skills,No Major Escalation for behavioral issues,2.00,Sourced from Application Support / L1 Support
Support,Software Analyst,People,Training,40 hours of training in a year arrnaged by MGS,2.00,Sourced from Application Support / L1 Support
Support,Software Analyst,People,Timesheet,100% Adoption,1.00,"Tab is named ""Template""; generic support goals, assigned to L1; Sourced from Application Support / L1 Support"
Support,Software Analyst,People,JIRA Tracking,100% Adoption,1.00,"Tab is named ""Template""; generic support goals, assigned to L1; Sourced from Application Support / L1 Support"
TBS,Consultant - TBS,Financial,CR Value Identification & Account Revenue Growth,Identify & document CR opportunities contributing to organic revenue expansion,20.00,"Sourced from Functional / Delivery / Product / Senior Business Analyst [New shelf 25-Sep-2026 — adapted, please review]"
TBS,Consultant - TBS,Financial,Feasibility & Cost-Benefit Analysis,Provide accurate cost-benefit analysis for 100% complex business proposals,15.00,"Sourced from Functional / Delivery / Product / Senior Business Analyst [New shelf 25-Sep-2026 — adapted, please review]"
TBS,Consultant - TBS,Project / Process,BRD / FSD Creation & End-to-End Workflow Mapping,100% comprehensive BRD/FSD approval with < 3% requirement revision rate,25.00,"Sourced from Functional / Delivery / Product / Senior Business Analyst [New shelf 25-Sep-2026 — adapted, please review]"
TBS,Consultant - TBS,Project / Process,Gap Analysis & Regulatory Compliance Mapping,0 regulatory compliance oversight in functional specification documents,20.00,"Sourced from Functional / Delivery / Product / Senior Business Analyst [New shelf 25-Sep-2026 — adapted, please review]"
TBS,Consultant - TBS,Internal / External Customer,Stakeholder Workshop Management & Query Resolution,Achieve client requirement satisfaction rating >= 9/10; 24 hr resolution for queries,10.00,"Sourced from Functional / Delivery / Product / Senior Business Analyst [New shelf 25-Sep-2026 — adapted, please review]"
TBS,Consultant - TBS,People,Junior BA Mentorship & Functional Knowledge Sharing,Mentor business analyst team; conduct quarterly domain training sessions,10.00,"Sourced from Functional / Delivery / Product / Senior Business Analyst [New shelf 25-Sep-2026 — adapted, please review]"
Techno functional,Manager,Financial,Project Delivery Budget & Margin Compliance,Deliver assigned techno-functional modules within effort budget; maintain project gross margin >= 35%,20.00,Sourced from Techno Functional Group / Manager - Techno Functional
Techno functional,Manager,Financial,CR Value Identification & Revenue Realization,Identify & document techno-functional CR opportunities to drive organic account growth,15.00,Sourced from Techno Functional Group / Manager - Techno Functional
Techno functional,Manager,Project / Process,Techno-Functional Solution Design & FSD/BRD Review,100% adherence to technical & functional specifications; first-time client FSD sign-off rate >= 90%,25.00,Sourced from Techno Functional Group / Manager - Techno Functional
Techno functional,Manager,Project / Process,"Milestone Delivery, Zoho WBS & Quality Control",95%+ on-time milestone delivery; QA defect ratio < 5%; zero critical deployment bugs,20.00,Sourced from Techno Functional Group / Manager - Techno Functional
Techno functional,Manager,Internal / External Customer,Bank Stakeholder Engagement & Escalation Resolution,Resolve client functional/technical queries within 24 hours SLA; CSAT score >= 9/10,10.00,Sourced from Techno Functional Group / Manager - Techno Functional
Techno functional,Manager,People,"Team Guidance, Performance Review & Domain Upskilling",Conduct quarterly 1-on-1 performance check-ins; ensure team completes 40 hrs training annually,10.00,Sourced from Techno Functional Group / Manager - Techno Functional
Techno functional,Technical Manager,Financial,Technical Delivery Budget & Margin Assurance,Deliver technical projects within allocated budget; maintain project gross margin >= 35%,20.00,Sourced from Techno Functional Group / Technical Manager
Techno functional,Technical Manager,Financial,Prevent Re-work & Out-of-Fund Overruns,0 production outage or re-work resulting in project financial penalty or out-of-fund condition,15.00,Sourced from Techno Functional Group / Technical Manager
Techno functional,Technical Manager,Project / Process,Agile Sprint Tracking & Engineering Process Controls,100% WBS tracking in Zoho/Jira; 95%+ on-time milestone delivery,20.00,Sourced from Techno Functional Group / Technical Manager
Techno functional,Technical Manager,Internal / External Customer,Client Technical Relationship & Escalation Management,Resolve technical escalations within 12 hours SLA; client satisfaction rating >= 9/10,10.00,Sourced from Techno Functional Group / Technical Manager
Techno functional,Technical Manager,People,Technical Team Leadership & Attrition Control,Maintain team attrition < 10%; quarterly performance reviews; 40 hrs training per member,10.00,Sourced from Techno Functional Group / Technical Manager
Techno functional,Technical Manager,Project / Process,"Technical Architecture, Code Review & Security Governance",100% code review coverage; QA/UAT defect ratio < 3%; 0 critical security audit gaps,25.00,Sourced from Techno Functional Group / Technical Manager
Tester,Assistant Vice President,Financial,Optimal utilization of resource,Making sure that no single resource is sitting idle in a month for more then 6 hours at a streach - Tracked month on month,15.00,
Tester,Assistant Vice President,Financial,Automation Sanity suite creation,"Creating the Automation Sanity suite for 40% on going projects across banks in UPI - Plan to be presented in Apr 25, Q2 to be implemented",15.00,
Tester,Assistant Vice President,Project / Process,Maximum upto 5% defect leakage for all projects if completely tested by QA Team,Defect leakage to be made less then 5% by Q2,25.00,
Tester,Assistant Vice President,Project / Process,OC and JIRA process governance,OC - Making sure OC is compliant once delivered in all banks with less then 5 % leakage - Q3 | JIRA - Making sure all JIRA ticker are done proper justice and delivered on time if proper documentation is received. - Q4,20.00,
Tester,Assistant Vice President,Project / Process,Define and implement TCOE processes,Providing DSR / WSR / Monthly reporting with detail insight | Creating test packs basis various business scenarios and feature | Drive TCOE process adherence,10.00,
Tester,Assistant Vice President,People,Attrition Control,Contribute in attrition control by efficient managerial practices,5.00,
Tester,Assistant Vice President,People,Team Training,"Soft Skills, Automation and Excel training to be completed by team members before 31st March 2026 | Evaluating the skill metrics of the team once a quarter",10.00,
Tester,Business Analyst,Financial,Requirement Estimation & Scope Variance Control,Deliver clear functional spec ensuring requirement gap causing CR cost variance < 5%,20.00,"Sourced from Functional / Delivery / Product / Business Analyst [New shelf 25-Sep-2026 — adapted, please review]"
Tester,Business Analyst,Financial,Cost-Effective Feature Specification,Zero budget overrun resulting from requirement ambiguity or missed business logic,15.00,"Sourced from Functional / Delivery / Product / Business Analyst [New shelf 25-Sep-2026 — adapted, please review]"
Tester,Business Analyst,Project / Process,BRD / FSD Creation & Use Case Mapping,100% FSD sign-off by client/product owner before development initiation,25.00,"Sourced from Functional / Delivery / Product / Business Analyst [New shelf 25-Sep-2026 — adapted, please review]"
Tester,Business Analyst,Project / Process,UAT Support & Functional Verification,Support UAT execution with zero critical requirement gaps identified during UAT phase,20.00,"Sourced from Functional / Delivery / Product / Business Analyst [New shelf 25-Sep-2026 — adapted, please review]"
Tester,Business Analyst,Internal / External Customer,Requirement Walkthroughs & Stakeholder Query SLA,Respond to requirement clarification queries from dev/QA team within 24 hours SLA,10.00,"Sourced from Functional / Delivery / Product / Business Analyst [New shelf 25-Sep-2026 — adapted, please review]"
Tester,Business Analyst,People,Domain Upskilling & Continuous Learning,Complete domain & product training; 40 hours of professional development annually,10.00,"Sourced from Functional / Delivery / Product / Business Analyst [New shelf 25-Sep-2026 — adapted, please review]"
Tester,Lead,Project / Process,Maximum upto 5% defect leakage for all projects if completely tested by QA Team,Defect leakage to be made less then 5% by Q2,25.00,
Tester,Lead,Project / Process,Defect Tracking using ZOHO tool,Defect reporting and tracking using ZOHO tool.,5.00,
Tester,Lead,Project / Process,JIRA process governance,JIRA - Making sure all JIRA ticker are done proper justice and delivered on time if proper documentation is received. - Q4,5.00,
Tester,Lead,Project / Process,Reporting,Providing DSR / WSR / Monthly reporting with detail insight | Creating test packs basis various business scenarios and feature,10.00,
Tester,Lead,Project / Process,Work Activity,TCOE processes and template adherance,5.00,
Tester,Lead,Project / Process,Review,Review of Test scenario and test coverage of Team,5.00,
Tester,Lead,Project / Process,Process Improvement,Continuously improve testing processes and methodologies | Flagging the blocker issues / dependencies at right time to respective stakeholders,5.00,
Tester,Lead,Project / Process,Discipllinary,Leave planning for resources mapped to respective Leads | Trying to meet the set target date and getting the work completed from team on time | Interpersonal Skills | Weekly ZOHO timecards compliance,5.00,
Tester,Lead,Project / Process,Device Management,MGS Device / SIM Management Tracking,5.00,
Tester,Lead,Internal / External Customer,Ownership of Test Deliverables,Ownership of deliverables of self and team members,5.00,
Tester,Lead,Internal / External Customer,Test Strategy & Planning,"Estimate testing effort, help identifying right resources and plan timelines. | Identify and mitigate risks associated with testing activities.",10.00,
Tester,Lead,People,Attrition Control,Contribute in attrition control by efficient managerial practices,5.00,
Tester,Lead,People,Team Training & Cross Training,"Soft Skills, and Excel training to be completed by team members before 31st March 2026 | Evaluating the skill metrics of the team once a quarter",5.00,
Tester,Lead,People,Optimal utilization of resource,Making sure that no single resource is sitting idle in a month for more then 6 hours at a streach - Tracked month on month,5.00,
Tester,Quality Assurance Lead,Project / Process,Maximum upto 5% defect leakage for all projects if completely tested by QA Team,Defect leakage to be made less then 5% by Q2,25.00,Sourced from the Lead sheet
Tester,Quality Assurance Lead,Project / Process,Defect Tracking using ZOHO tool,Defect reporting and tracking using ZOHO tool.,5.00,Sourced from the Lead sheet
Tester,Quality Assurance Lead,Project / Process,JIRA process governance,JIRA - Making sure all JIRA ticker are done proper justice and delivered on time if proper documentation is received. - Q4,5.00,Sourced from the Lead sheet
Tester,Quality Assurance Lead,Project / Process,Reporting,Providing DSR / WSR / Monthly reporting with detail insight | Creating test packs basis various business scenarios and feature,10.00,Sourced from the Lead sheet
Tester,Quality Assurance Lead,Project / Process,Work Activity,TCOE processes and template adherance,5.00,Sourced from the Lead sheet
Tester,Quality Assurance Lead,Project / Process,Review,Review of Test scenario and test coverage of Team,5.00,Sourced from the Lead sheet
Tester,Quality Assurance Lead,Project / Process,Process Improvement,Continuously improve testing processes and methodologies | Flagging the blocker issues / dependencies at right time to respective stakeholders,5.00,Sourced from the Lead sheet
Tester,Quality Assurance Lead,Project / Process,Discipllinary,Leave planning for resources mapped to respective Leads | Trying to meet the set target date and getting the work completed from team on time | Interpersonal Skills | Weekly ZOHO timecards compliance,5.00,Sourced from the Lead sheet
Tester,Quality Assurance Lead,Project / Process,Device Management,MGS Device / SIM Management Tracking,5.00,Sourced from the Lead sheet
Tester,Quality Assurance Lead,Internal / External Customer,Ownership of Test Deliverables,Ownership of deliverables of self and team members,5.00,Sourced from the Lead sheet
Tester,Quality Assurance Lead,Internal / External Customer,Test Strategy & Planning,"Estimate testing effort, help identifying right resources and plan timelines. | Identify and mitigate risks associated with testing activities.",10.00,Sourced from the Lead sheet
Tester,Quality Assurance Lead,People,Attrition Control,Contribute in attrition control by efficient managerial practices,5.00,Sourced from the Lead sheet
Tester,Quality Assurance Lead,People,Team Training & Cross Training,"Soft Skills, and Excel training to be completed by team members before 31st March 2026 | Evaluating the skill metrics of the team once a quarter",5.00,Sourced from the Lead sheet
Tester,Quality Assurance Lead,People,Optimal utilization of resource,Making sure that no single resource is sitting idle in a month for more then 6 hours at a streach - Tracked month on month,5.00,Sourced from the Lead sheet
Tester,Senior Software Tester,Project / Process,Maximum upto 5% defect leakage for all projects if completely tested by QA Team,Defect leakage to be made less then 5% Quarter on Quarter,25.00,
Tester,Senior Software Tester,Project / Process,Defect Tracking using ZOHO tool,Defect reporting and tracking using ZOHO tool.,5.00,
Tester,Senior Software Tester,Project / Process,JIRA process governance,JIRA - Making sure all JIRA ticker are done proper justice and delivered on time if proper documentation is received. - Q4,5.00,
Tester,Senior Software Tester,Project / Process,Reporting,Providing DSR / WSR / Monthly reporting with detail insight | Creating test packs basis various business scenarios and feature,10.00,
Tester,Senior Software Tester,Project / Process,Work Activity,TCOE processes and template adherance,5.00,
Tester,Senior Software Tester,Project / Process,Review,Review of Test scenario and test coverage of Team,5.00,
Tester,Senior Software Tester,Project / Process,Process Improvement,Continuously improve testing processes and methodologies | Flagging the blocker issues / dependencies at right time to respective stakeholders,5.00,
Tester,Senior Software Tester,Project / Process,Discipllinary,Proper Leave planning and creating back ups for handover during absence | Timely Completion of assigned Tasks as per the planned activity | Timesheet Updates - Ensure Timely precised updates captured in Zoho Timesheet,5.00,
Tester,Senior Software Tester,Project / Process,Device Management,MGS Device / SIM Management Tracking,5.00,
Tester,Senior Software Tester,Internal / External Customer,Ownership of Test Deliverables,Ownership of deliverables of self and team members if any,5.00,
Tester,Senior Software Tester,Internal / External Customer,Test Strategy & Planning,"Estimate testing effort, help identifying right resources, and plan timelines. | Identify and mitigate risks associated with testing activities.",10.00,
Tester,Senior Software Tester,People,Team Training,Ensure assigned trainings to be attended and completed mandatorily,10.00,
Tester,Senior Software Tester,People,Interpersonal skills,"Behavioural skills, Collaboration within the team and be a good team player",5.00,
Tester,Senior Technical Lead,Project / Process,Maximum upto 5% defect leakage for all projects if completely tested by QA Team,Defect leakage to be made less then 5% by Q2,25.00,Sourced from the Lead sheet
Tester,Senior Technical Lead,Project / Process,Defect Tracking using ZOHO tool,Defect reporting and tracking using ZOHO tool.,5.00,Sourced from the Lead sheet
Tester,Senior Technical Lead,Project / Process,JIRA process governance,JIRA - Making sure all JIRA ticker are done proper justice and delivered on time if proper documentation is received. - Q4,5.00,Sourced from the Lead sheet
Tester,Senior Technical Lead,Project / Process,Reporting,Providing DSR / WSR / Monthly reporting with detail insight | Creating test packs basis various business scenarios and feature,10.00,Sourced from the Lead sheet
Tester,Senior Technical Lead,Project / Process,Work Activity,TCOE processes and template adherance,5.00,Sourced from the Lead sheet
Tester,Senior Technical Lead,Project / Process,Review,Review of Test scenario and test coverage of Team,5.00,Sourced from the Lead sheet
Tester,Senior Technical Lead,Project / Process,Process Improvement,Continuously improve testing processes and methodologies | Flagging the blocker issues / dependencies at right time to respective stakeholders,5.00,Sourced from the Lead sheet
Tester,Senior Technical Lead,Project / Process,Discipllinary,Leave planning for resources mapped to respective Leads | Trying to meet the set target date and getting the work completed from team on time | Interpersonal Skills | Weekly ZOHO timecards compliance,5.00,Sourced from the Lead sheet
Tester,Senior Technical Lead,Project / Process,Device Management,MGS Device / SIM Management Tracking,5.00,Sourced from the Lead sheet
Tester,Senior Technical Lead,Internal / External Customer,Ownership of Test Deliverables,Ownership of deliverables of self and team members,5.00,Sourced from the Lead sheet
Tester,Senior Technical Lead,Internal / External Customer,Test Strategy & Planning,"Estimate testing effort, help identifying right resources and plan timelines. | Identify and mitigate risks associated with testing activities.",10.00,Sourced from the Lead sheet
Tester,Senior Technical Lead,People,Attrition Control,Contribute in attrition control by efficient managerial practices,5.00,Sourced from the Lead sheet
Tester,Senior Technical Lead,People,Team Training & Cross Training,"Soft Skills, and Excel training to be completed by team members before 31st March 2026 | Evaluating the skill metrics of the team once a quarter",5.00,Sourced from the Lead sheet
Tester,Senior Technical Lead,People,Optimal utilization of resource,Making sure that no single resource is sitting idle in a month for more then 6 hours at a streach - Tracked month on month,5.00,Sourced from the Lead sheet
Tester,Software Tester,Project / Process,Maximum upto 5% defect leakage for all projects if completely tested by QA Team,Defect leakage to be made less then 5% by Q2,30.00,
Tester,Software Tester,Project / Process,Defect Tracking using ZOHO tool,Defect reporting and tracking using ZOHO tool.,5.00,
Tester,Software Tester,Project / Process,JIRA process governance,JIRA - Making sure all JIRA ticker are done proper justice and delivered on time if proper documentation is received. - Q4,5.00,
Tester,Software Tester,Project / Process,Reporting,Providing DSR / WSR / Monthly reporting with detail insight | Creating test packs basis various business scenarios and feature,10.00,
Tester,Software Tester,Project / Process,Work Activity,TCOE processes and template adherance,5.00,
Tester,Software Tester,Project / Process,Process Improvement,Continuously improve testing processes and methodologies | Flagging the blocker issues / dependencies at right time to respective stakeholders,5.00,
Tester,Software Tester,Project / Process,Discipllinary,"Proper Leave planning, creating back up for handover during absence | Timely Completion of assigned Tasks as per the planned activity | Ensure Timely precised updates captured in Zoho Timesheet",5.00,
Tester,Software Tester,Project / Process,Device Management,MGS Device / SIM Management Tracking,5.00,
Tester,Software Tester,Internal / External Customer,Ownership of Test Deliverables,Ownership of deliverables of self,5.00,
Tester,Software Tester,Internal / External Customer,Test Strategy & Planning,Deliver Projects on time | Identify and mitigate risks associated with testing activities.,10.00,
Tester,Software Tester,People,Team Training,Ensure assigned trainings to be attended and completed mandatorily,8.00,
Tester,Software Tester,People,Interpersonal skills,"Behavioural skills, Collaboration within the team and be a good team player",7.00,
Tester,Trainee,Project / Process,Maximum upto 5% defect leakage for all projects if completely tested by QA Team,Defect leakage to be made less then 5% by Q2,30.00,Sourced from the Software Tester sheet
Tester,Trainee,Project / Process,Defect Tracking using ZOHO tool,Defect reporting and tracking using ZOHO tool.,5.00,Sourced from the Software Tester sheet
Tester,Trainee,Project / Process,JIRA process governance,JIRA - Making sure all JIRA ticker are done proper justice and delivered on time if proper documentation is received. - Q4,5.00,Sourced from the Software Tester sheet
Tester,Trainee,Project / Process,Reporting,Providing DSR / WSR / Monthly reporting with detail insight | Creating test packs basis various business scenarios and feature,10.00,Sourced from the Software Tester sheet
Tester,Trainee,Project / Process,Work Activity,TCOE processes and template adherance,5.00,Sourced from the Software Tester sheet
Tester,Trainee,Project / Process,Process Improvement,Continuously improve testing processes and methodologies | Flagging the blocker issues / dependencies at right time to respective stakeholders,5.00,Sourced from the Software Tester sheet
Tester,Trainee,Project / Process,Discipllinary,"Proper Leave planning, creating back up for handover during absence | Timely Completion of assigned Tasks as per the planned activity | Ensure Timely precised updates captured in Zoho Timesheet",5.00,Sourced from the Software Tester sheet
Tester,Trainee,Project / Process,Device Management,MGS Device / SIM Management Tracking,5.00,Sourced from the Software Tester sheet
Tester,Trainee,Internal / External Customer,Ownership of Test Deliverables,Ownership of deliverables of self,5.00,Sourced from the Software Tester sheet
Tester,Trainee,Internal / External Customer,Test Strategy & Planning,Deliver Projects on time | Identify and mitigate risks associated with testing activities.,10.00,Sourced from the Software Tester sheet
Tester,Trainee,People,Team Training,Ensure assigned trainings to be attended and completed mandatorily,8.00,Sourced from the Software Tester sheet
Tester,Trainee,People,Interpersonal skills,"Behavioural skills, Collaboration within the team and be a good team player",7.00,Sourced from the Software Tester sheet
Tester,Vice President,Financial,Optimal utilization of resource,Making sure that no single resource is sitting idle in a month for more then 6 hours at a streach - Tracked month on month,15.00,Sourced from Tester / Assistant Vice President
Tester,Vice President,Financial,Automation Sanity suite creation,"Creating the Automation Sanity suite for 40% on going projects across banks in UPI - Plan to be presented in Apr 25, Q2 to be implemented",15.00,Sourced from Tester / Assistant Vice President
Tester,Vice President,Project / Process,Maximum upto 5% defect leakage for all projects if completely tested by QA Team,Defect leakage to be made less then 5% by Q2,25.00,Sourced from Tester / Assistant Vice President
Tester,Vice President,Project / Process,OC and JIRA process governance,OC - Making sure OC is compliant once delivered in all banks with less then 5 % leakage - Q3 | JIRA - Making sure all JIRA ticker are done proper justice and delivered on time if proper documentation is received. - Q4,20.00,Sourced from Tester / Assistant Vice President
Tester,Vice President,Project / Process,Define and implement TCOE processes,Providing DSR / WSR / Monthly reporting with detail insight | Creating test packs basis various business scenarios and feature | Drive TCOE process adherence,10.00,Sourced from Tester / Assistant Vice President
Tester,Vice President,People,Attrition Control,Contribute in attrition control by efficient managerial practices,5.00,Sourced from Tester / Assistant Vice President
Tester,Vice President,People,Team Training,"Soft Skills, Automation and Excel training to be completed by team members before 31st March 2026 | Evaluating the skill metrics of the team once a quarter",10.00,Sourced from Tester / Assistant Vice President
